date,open,high,low,close,volume,is_up,macd_fast_blue,macd_slow_red,macd_signal-hist
2024-06-12 09:16:00,50072.00,50098.75,50052.80,50067.00,630.00,False,0.0,0.0,0.0
2024-06-12 09:16:00,50067.00,50098.75,50052.80,50062.00,630.00,False,0.0,0.0,0.0
2024-06-12 09:17:00,50062.00,50073.80,50052.00,50057.00,307.50,False,0.0,0.0,0.0
2024-06-12 09:17:00,50057.00,50073.80,50052.00,50052.00,307.50,False,0.0,0.0,0.0
2024-06-12 09:19:00,50052.00,50058.90,50029.75,50047.00,945.00,False,0.0,0.0,0.0
2024-06-12 09:20:00,50047.00,50043.35,50010.05,50042.00,143.57,False,0.0,0.0,0.0
2024-06-12 09:20:00,50042.00,50043.35,50010.05,50037.00,143.57,False,0.0,0.0,0.0
2024-06-12 09:20:00,50037.00,50043.35,50010.05,50032.00,143.57,False,0.0,0.0,0.0
2024-06-12 09:20:00,50032.00,50043.35,50010.05,50027.00,143.57,False,0.0,0.0,0.0
2024-06-12 09:20:00,50027.00,50043.35,50010.05,50022.00,143.57,False,0.0,0.0,0.0
2024-06-12 09:20:00,50022.00,50043.35,50010.05,50017.00,143.57,False,0.0,0.0,0.0
2024-06-12 09:20:00,50017.00,50043.35,50010.05,50012.00,143.57,False,0.0,0.0,0.0
2024-06-12 09:21:00,50017.00,50045.20,50005.85,50022.00,228.75,True,0.0,0.0,0.0
2024-06-12 09:21:00,50022.00,50045.20,50005.85,50027.00,228.75,True,0.0,0.0,0.0
2024-06-12 09:21:00,50027.00,50045.20,50005.85,50032.00,228.75,True,0.0,0.0,0.0
2024-06-12 09:21:00,50032.00,50045.20,50005.85,50037.00,228.75,True,0.0,0.0,0.0
2024-06-12 09:22:00,50037.00,50069.70,50033.60,50042.00,555.00,True,0.0,0.0,0.0
2024-06-12 09:22:00,50042.00,50069.70,50033.60,50047.00,555.00,True,0.0,0.0,0.0
2024-06-12 09:24:00,50047.00,50060.00,50032.15,50052.00,165.00,True,0.0,0.0,0.0
2024-06-12 09:24:00,50052.00,50060.00,50032.15,50057.00,165.00,True,0.0,0.0,0.0
2024-06-12 09:25:00,50057.00,50083.60,50050.95,50062.00,465.00,True,0.0,0.0,0.0
2024-06-12 09:28:00,50057.00,50092.40,50048.50,50052.00,1635.00,False,0.0,0.0,0.0
2024-06-12 09:29:00,50057.00,50079.95,50048.10,50062.00,80.00,True,0.0,0.0,0.0
2024-06-12 09:29:00,50062.00,50079.95,50048.10,50067.00,80.00,True,0.0,0.0,0.0
2024-06-12 09:29:00,50067.00,50079.95,50048.10,50072.00,80.00,True,0.0,0.0,0.0
2024-06-12 09:31:00,50067.00,50085.00,50035.50,50062.00,110.00,False,11.07,0.0,0.0
2024-06-12 09:31:00,50062.00,50085.00,50035.50,50057.00,110.00,False,10.34,0.0,0.0
2024-06-12 09:31:00,50057.00,50085.00,50035.50,50052.00,110.00,False,9.24,0.0,0.0
2024-06-12 09:31:00,50052.00,50085.00,50035.50,50047.00,110.00,False,7.88,0.0,0.0
2024-06-12 09:31:00,50047.00,50085.00,50035.50,50042.00,110.00,False,6.33,0.0,0.0
2024-06-12 09:31:00,50042.00,50085.00,50035.50,50037.00,110.00,False,4.64,0.0,0.0
2024-06-12 09:32:00,50042.00,50059.80,50030.00,50047.00,645.00,True,4.06,0.0,0.0
2024-06-12 09:36:00,50042.00,50057.55,50032.50,50037.00,1725.00,False,2.76,0.0,0.0
2024-06-12 09:37:00,50042.00,50086.90,50041.05,50047.00,129.00,True,2.51,6.54,-4.03
2024-06-12 09:37:00,50047.00,50086.90,50041.05,50052.00,129.00,True,2.68,5.77,-3.08
2024-06-12 09:37:00,50052.00,50086.90,50041.05,50057.00,129.00,True,3.19,5.25,-2.06
2024-06-12 09:37:00,50057.00,50086.90,50041.05,50062.00,129.00,True,3.95,4.99,-1.04
2024-06-12 09:37:00,50062.00,50086.90,50041.05,50067.00,129.00,True,4.89,4.97,-0.08
2024-06-12 09:38:00,50067.00,50100.00,50056.05,50072.00,302.50,True,5.98,5.17,0.81
2024-06-12 09:38:00,50072.00,50100.00,50056.05,50077.00,302.50,True,7.16,5.57,1.59
2024-06-12 09:38:00,50077.00,50100.00,50056.05,50082.00,302.50,True,8.4,6.14,2.27
2024-06-12 09:38:00,50082.00,50100.00,50056.05,50087.00,302.50,True,9.68,6.85,2.84
2024-06-12 09:38:00,50087.00,50100.00,50056.05,50092.00,302.50,True,10.97,7.67,3.3
2024-06-12 09:38:00,50092.00,50100.00,50056.05,50097.00,302.50,True,12.25,8.59,3.67
2024-06-12 09:40:00,50097.00,50123.50,50082.65,50102.00,348.00,True,13.52,9.57,3.94
2024-06-12 09:40:00,50102.00,50123.50,50082.65,50107.00,348.00,True,14.75,10.61,4.14
2024-06-12 09:40:00,50107.00,50123.50,50082.65,50112.00,348.00,True,15.95,11.68,4.27
2024-06-12 09:40:00,50112.00,50123.50,50082.65,50117.00,348.00,True,17.11,12.76,4.35
2024-06-12 09:40:00,50117.00,50123.50,50082.65,50122.00,348.00,True,18.22,13.86,4.36
2024-06-12 09:42:00,50122.00,50130.00,50098.20,50127.00,2070.00,True,19.28,14.94,4.34
2024-06-12 09:43:00,50127.00,50133.60,50117.65,50132.00,270.00,True,20.29,16.01,4.28
2024-06-12 09:44:00,50132.00,50142.15,50120.05,50137.00,480.00,True,21.25,17.06,4.19
2024-06-12 09:45:00,50137.00,50158.15,50127.00,50142.00,273.75,True,22.16,18.08,4.08
2024-06-12 09:45:00,50142.00,50158.15,50127.00,50147.00,273.75,True,23.02,19.07,3.95
2024-06-12 09:45:00,50147.00,50158.15,50127.00,50152.00,273.75,True,23.82,20.02,3.81
2024-06-12 09:45:00,50152.00,50158.15,50127.00,50157.00,273.75,True,24.59,20.93,3.65
2024-06-12 09:46:00,50157.00,50169.00,50148.40,50162.00,352.50,True,25.3,21.8,3.5
2024-06-12 09:46:00,50162.00,50169.00,50148.40,50167.00,352.50,True,25.97,22.64,3.33
2024-06-12 09:48:00,50167.00,50182.65,50158.70,50172.00,1132.50,True,26.6,23.43,3.17
2024-06-12 09:48:00,50172.00,50182.65,50158.70,50177.00,1132.50,True,27.19,24.18,3.01
2024-06-12 09:50:00,50177.00,50207.60,50167.00,50182.00,684.00,True,27.74,24.89,2.84
2024-06-12 09:50:00,50182.00,50207.60,50167.00,50187.00,684.00,True,28.25,25.56,2.69
2024-06-12 09:50:00,50187.00,50207.60,50167.00,50192.00,684.00,True,28.73,26.2,2.53
2024-06-12 09:50:00,50192.00,50207.60,50167.00,50197.00,684.00,True,29.18,26.79,2.38
2024-06-12 09:50:00,50197.00,50207.60,50167.00,50202.00,684.00,True,29.59,27.35,2.24
2024-06-12 09:51:00,50202.00,50224.30,50197.00,50207.00,1245.00,True,29.98,27.88,2.1
2024-06-12 09:52:00,50207.00,50231.95,50204.95,50212.00,168.75,True,30.34,28.37,1.97
2024-06-12 09:52:00,50212.00,50231.95,50204.95,50217.00,168.75,True,30.68,28.83,1.85
2024-06-12 09:52:00,50217.00,50231.95,50204.95,50222.00,168.75,True,30.99,29.26,1.73
2024-06-12 09:52:00,50222.00,50231.95,50204.95,50227.00,168.75,True,31.28,29.67,1.61
2024-06-12 09:54:00,50227.00,50280.00,50222.50,50232.00,423.00,True,31.55,30.04,1.51
2024-06-12 09:54:00,50232.00,50280.00,50222.50,50237.00,423.00,True,31.8,30.4,1.41
2024-06-12 09:54:00,50237.00,50280.00,50222.50,50242.00,423.00,True,32.03,30.72,1.31
2024-06-12 09:54:00,50242.00,50280.00,50222.50,50247.00,423.00,True,32.25,31.03,1.22
2024-06-12 09:54:00,50247.00,50280.00,50222.50,50252.00,423.00,True,32.45,31.31,1.14
2024-06-12 09:54:00,50252.00,50280.00,50222.50,50257.00,423.00,True,32.64,31.58,1.06
2024-06-12 09:54:00,50257.00,50280.00,50222.50,50262.00,423.00,True,32.81,31.83,0.99
2024-06-12 09:54:00,50262.00,50280.00,50222.50,50267.00,423.00,True,32.97,32.05,0.92
2024-06-12 09:54:00,50267.00,50280.00,50222.50,50272.00,423.00,True,33.12,32.27,0.85
2024-06-12 09:54:00,50272.00,50280.00,50222.50,50277.00,423.00,True,33.26,32.47,0.79
2024-06-12 09:56:00,50272.00,50280.00,50238.55,50267.00,1175.00,False,32.19,32.41,-0.22
2024-06-12 09:56:00,50267.00,50280.00,50238.55,50262.00,1175.00,False,30.59,32.05,-1.46
2024-06-12 09:56:00,50262.00,50280.00,50238.55,50257.00,1175.00,False,28.58,31.35,-2.77
2024-06-12 09:57:00,50262.00,50342.95,50252.95,50267.00,443.18,True,27.49,30.58,-3.09
2024-06-12 09:57:00,50267.00,50342.95,50252.95,50272.00,443.18,True,26.71,29.81,-3.09
2024-06-12 09:57:00,50272.00,50342.95,50252.95,50277.00,443.18,True,26.2,29.09,-2.89
2024-06-12 09:57:00,50277.00,50342.95,50252.95,50282.00,443.18,True,25.9,28.45,-2.55
2024-06-12 09:57:00,50282.00,50342.95,50252.95,50287.00,443.18,True,25.77,27.91,-2.14
2024-06-12 09:57:00,50287.00,50342.95,50252.95,50292.00,443.18,True,25.77,27.48,-1.71
2024-06-12 09:57:00,50292.00,50342.95,50252.95,50297.00,443.18,True,25.87,27.16,-1.29
2024-06-12 09:57:00,50297.00,50342.95,50252.95,50302.00,443.18,True,26.06,26.94,-0.88
2024-06-12 09:57:00,50302.00,50342.95,50252.95,50307.00,443.18,True,26.31,26.82,-0.5
2024-06-12 09:57:00,50307.00,50342.95,50252.95,50312.00,443.18,True,26.61,26.77,-0.17
2024-06-12 09:57:00,50312.00,50342.95,50252.95,50317.00,443.18,True,26.93,26.8,0.13
2024-06-12 09:58:00,50317.00,50334.55,50318.20,50322.00,840.00,True,27.28,26.9,0.38
2024-06-12 09:58:00,50322.00,50334.55,50318.20,50327.00,840.00,True,27.64,27.05,0.59
2024-06-12 09:59:00,50327.00,50360.00,50326.85,50332.00,606.00,True,28.0,27.24,0.77
2024-06-12 09:59:00,50332.00,50360.00,50326.85,50337.00,606.00,True,28.37,27.47,0.91
2024-06-12 09:59:00,50337.00,50360.00,50326.85,50342.00,606.00,True,28.73,27.72,1.01
2024-06-12 09:59:00,50342.00,50360.00,50326.85,50347.00,606.00,True,29.09,27.99,1.1
2024-06-12 09:59:00,50347.00,50360.00,50326.85,50352.00,606.00,True,29.44,28.28,1.15
2024-06-12 10:03:00,50352.00,50429.90,50332.45,50357.00,1002.86,True,29.77,28.58,1.19
2024-06-12 10:03:00,50357.00,50429.90,50332.45,50362.00,1002.86,True,30.09,28.88,1.21
2024-06-12 10:03:00,50362.00,50429.90,50332.45,50367.00,1002.86,True,30.4,29.18,1.21
2024-06-12 10:03:00,50367.00,50429.90,50332.45,50372.00,1002.86,True,30.69,29.49,1.21
2024-06-12 10:03:00,50372.00,50429.90,50332.45,50377.00,1002.86,True,30.97,29.78,1.19
2024-06-12 10:03:00,50377.00,50429.90,50332.45,50382.00,1002.86,True,31.24,30.07,1.16
2024-06-12 10:03:00,50382.00,50429.90,50332.45,50387.00,1002.86,True,31.49,30.36,1.13
2024-06-12 10:03:00,50387.00,50429.90,50332.45,50392.00,1002.86,True,31.72,30.63,1.09
2024-06-12 10:03:00,50392.00,50429.90,50332.45,50397.00,1002.86,True,31.95,30.89,1.05
2024-06-12 10:03:00,50397.00,50429.90,50332.45,50402.00,1002.86,True,32.15,31.15,1.01
2024-06-12 10:03:00,50402.00,50429.90,50332.45,50407.00,1002.86,True,32.35,31.39,0.96
2024-06-12 10:03:00,50407.00,50429.90,50332.45,50412.00,1002.86,True,32.53,31.62,0.92
2024-06-12 10:03:00,50412.00,50429.90,50332.45,50417.00,1002.86,True,32.71,31.83,0.87
2024-06-12 10:03:00,50417.00,50429.90,50332.45,50422.00,1002.86,True,32.87,32.04,0.83
2024-06-12 10:04:00,50422.00,50461.75,50425.00,50427.00,1056.00,True,33.02,32.24,0.78
2024-06-12 10:04:00,50427.00,50461.75,50425.00,50432.00,1056.00,True,33.16,32.42,0.74
2024-06-12 10:04:00,50432.00,50461.75,50425.00,50437.00,1056.00,True,33.29,32.59,0.7
2024-06-12 10:04:00,50437.00,50461.75,50425.00,50442.00,1056.00,True,33.41,32.76,0.65
2024-06-12 10:04:00,50442.00,50461.75,50425.00,50447.00,1056.00,True,33.53,32.91,0.61
2024-06-12 10:05:00,50442.00,50450.00,50401.30,50437.00,249.38,False,32.43,32.82,-0.38
2024-06-12 10:05:00,50437.00,50450.00,50401.30,50432.00,249.38,False,30.81,32.42,-1.6
2024-06-12 10:05:00,50432.00,50450.00,50401.30,50427.00,249.38,False,28.79,31.69,-2.9
2024-06-12 10:05:00,50427.00,50450.00,50401.30,50422.00,249.38,False,26.48,30.65,-4.17
2024-06-12 10:05:00,50422.00,50450.00,50401.30,50417.00,249.38,False,23.97,29.31,-5.34
2024-06-12 10:05:00,50417.00,50450.00,50401.30,50412.00,249.38,False,21.33,27.72,-6.39
2024-06-12 10:05:00,50412.00,50450.00,50401.30,50407.00,249.38,False,18.62,25.9,-7.28
2024-06-12 10:05:00,50407.00,50450.00,50401.30,50402.00,249.38,False,15.89,23.89,-8.01
2024-06-12 10:07:00,50407.00,50434.20,50404.45,50412.00,2430.00,True,14.36,21.99,-7.63
2024-06-12 10:08:00,50412.00,50468.00,50417.80,50417.00,373.50,True,13.4,20.27,-6.87
2024-06-12 10:08:00,50417.00,50468.00,50417.80,50422.00,373.50,True,12.89,18.79,-5.9
2024-06-12 10:08:00,50422.00,50468.00,50417.80,50427.00,373.50,True,12.75,17.59,-4.84
2024-06-12 10:08:00,50427.00,50468.00,50417.80,50432.00,373.50,True,12.89,16.65,-3.76
2024-06-12 10:08:00,50432.00,50468.00,50417.80,50437.00,373.50,True,13.25,15.97,-2.72
2024-06-12 10:08:00,50437.00,50468.00,50417.80,50442.00,373.50,True,13.78,15.53,-1.75
2024-06-12 10:08:00,50442.00,50468.00,50417.80,50447.00,373.50,True,14.44,15.31,-0.87
2024-06-12 10:08:00,50447.00,50468.00,50417.80,50452.00,373.50,True,15.19,15.29,-0.1
2024-06-12 10:08:00,50452.00,50468.00,50417.80,50457.00,373.50,True,16.0,15.43,0.57
2024-06-12 10:08:00,50457.00,50468.00,50417.80,50462.00,373.50,True,16.86,15.72,1.14
2024-06-12 10:09:00,50457.00,50462.65,50436.80,50452.00,225.00,False,16.54,15.88,0.66
2024-06-12 10:09:00,50452.00,50462.65,50436.80,50447.00,225.00,False,15.7,15.84,-0.15
2024-06-12 10:09:00,50447.00,50462.65,50436.80,50442.00,225.00,False,14.46,15.57,-1.1
2024-06-12 10:10:00,50442.00,50442.10,50410.05,50437.00,251.25,False,12.93,15.04,-2.11
2024-06-12 10:10:00,50437.00,50442.10,50410.05,50432.00,251.25,False,11.19,14.27,-3.08
2024-06-12 10:10:00,50432.00,50442.10,50410.05,50427.00,251.25,False,9.29,13.27,-3.98
2024-06-12 10:10:00,50427.00,50442.10,50410.05,50422.00,251.25,False,7.3,12.08,-4.78
2024-06-12 10:12:00,50427.00,50451.50,50415.40,50432.00,746.25,True,6.46,10.96,-4.5
2024-06-12 10:12:00,50432.00,50451.50,50415.40,50437.00,746.25,True,6.12,9.99,-3.87
2024-06-12 10:12:00,50437.00,50451.50,50415.40,50442.00,746.25,True,6.19,9.23,-3.04
2024-06-12 10:12:00,50442.00,50451.50,50415.40,50447.00,746.25,True,6.57,8.7,-2.13
2024-06-12 10:13:00,50447.00,50487.45,50435.60,50452.00,762.50,True,7.19,8.4,-1.2
2024-06-12 10:13:00,50452.00,50487.45,50435.60,50457.00,762.50,True,8.0,8.32,-0.32
2024-06-12 10:13:00,50457.00,50487.45,50435.60,50462.00,762.50,True,8.93,8.44,0.49
2024-06-12 10:13:00,50462.00,50487.45,50435.60,50467.00,762.50,True,9.96,8.74,1.22
2024-06-12 10:13:00,50467.00,50487.45,50435.60,50472.00,762.50,True,11.06,9.21,1.85
2024-06-12 10:13:00,50472.00,50487.45,50435.60,50477.00,762.50,True,12.19,9.8,2.38
2024-06-12 10:14:00,50472.00,50490.35,50446.80,50467.00,357.00,False,12.14,10.27,1.87
2024-06-12 10:14:00,50467.00,50490.35,50446.80,50462.00,357.00,False,11.56,10.53,1.03
2024-06-12 10:14:00,50462.00,50490.35,50446.80,50457.00,357.00,False,10.58,10.54,0.04
2024-06-12 10:14:00,50457.00,50490.35,50446.80,50452.00,357.00,False,9.29,10.29,-1.0
2024-06-12 10:14:00,50452.00,50490.35,50446.80,50447.00,357.00,False,7.77,9.78,-2.01
2024-06-12 10:15:00,50447.00,50466.40,50420.20,50442.00,667.50,False,6.1,9.05,-2.95
2024-06-12 10:15:00,50442.00,50466.40,50420.20,50437.00,667.50,False,4.32,8.1,-3.78
2024-06-12 10:16:00,50437.00,50432.45,50413.20,50432.00,1005.00,False,2.47,6.98,-4.5
2024-06-12 10:18:00,50432.00,50447.00,50411.80,50427.00,1665.00,False,0.6,5.7,-5.1
2024-06-12 10:19:00,50427.00,50420.20,50400.00,50422.00,585.00,False,-1.27,4.31,-5.58
2024-06-12 10:19:00,50422.00,50420.20,50400.00,50417.00,585.00,False,-3.12,2.82,-5.94
2024-06-12 10:19:00,50417.00,50420.20,50400.00,50412.00,585.00,False,-4.93,1.27,-6.2
2024-06-12 10:19:00,50412.00,50420.20,50400.00,50407.00,585.00,False,-6.7,-0.32,-6.37
2024-06-12 10:20:00,50407.00,50411.55,50380.00,50402.00,573.75,False,-8.4,-1.94,-6.46
2024-06-12 10:20:00,50402.00,50411.55,50380.00,50397.00,573.75,False,-10.04,-3.56,-6.48
2024-06-12 10:20:00,50397.00,50411.55,50380.00,50392.00,573.75,False,-11.61,-5.17,-6.44
2024-06-12 10:20:00,50392.00,50411.55,50380.00,50387.00,573.75,False,-13.1,-6.75,-6.35
2024-06-12 10:21:00,50392.00,50405.65,50377.10,50397.00,720.00,True,-13.33,-8.07,-5.26
2024-06-12 10:21:00,50397.00,50405.65,50377.10,50402.00,720.00,True,-12.95,-9.04,-3.91
2024-06-12 10:22:00,50402.00,50442.10,50397.30,50407.00,157.50,True,-12.11,-9.66,-2.45
2024-06-12 10:22:00,50407.00,50442.10,50397.30,50412.00,157.50,True,-10.92,-9.91,-1.01
2024-06-12 10:22:00,50412.00,50442.10,50397.30,50417.00,157.50,True,-9.46,-9.82,0.36
2024-06-12 10:22:00,50417.00,50442.10,50397.30,50422.00,157.50,True,-7.81,-9.42,1.61
2024-06-12 10:22:00,50422.00,50442.10,50397.30,50427.00,157.50,True,-6.02,-8.74,2.71
2024-06-12 10:22:00,50427.00,50442.10,50397.30,50432.00,157.50,True,-4.16,-7.82,3.66
2024-06-12 10:23:00,50432.00,50450.00,50423.05,50437.00,472.50,True,-2.26,-6.71,4.45
2024-06-12 10:23:00,50437.00,50450.00,50423.05,50442.00,472.50,True,-0.34,-5.44,5.1
2024-06-12 10:24:00,50437.00,50448.75,50427.00,50432.00,247.50,False,0.37,-4.27,4.64
2024-06-12 10:24:00,50432.00,50448.75,50427.00,50427.00,247.50,False,0.52,-3.31,3.84
2024-06-12 10:25:00,50432.00,50449.60,50427.20,50437.00,420.00,True,1.43,-2.37,3.8
2024-06-12 10:25:00,50437.00,50449.60,50427.20,50442.00,420.00,True,2.53,-1.39,3.92
2024-06-12 10:27:00,50437.00,50444.05,50419.75,50432.00,1560.00,False,2.56,-0.6,3.16
2024-06-12 10:28:00,50437.00,50445.00,50425.00,50442.00,810.00,True,3.36,0.19,3.16
2024-06-12 10:32:00,50437.00,50449.70,50411.30,50432.00,540.00,False,3.14,0.78,2.36
2024-06-12 10:32:00,50432.00,50449.70,50411.30,50427.00,540.00,False,2.54,1.13,1.4
2024-06-12 10:32:00,50427.00,50449.70,50411.30,50422.00,540.00,False,1.64,1.24,0.4
2024-06-12 10:32:00,50422.00,50449.70,50411.30,50417.00,540.00,False,0.52,1.09,-0.57
2024-06-12 10:34:00,50417.00,50436.10,50404.10,50412.00,960.00,False,-0.77,0.72,-1.49
2024-06-12 10:34:00,50412.00,50436.10,50404.10,50407.00,960.00,False,-2.16,0.14,-2.31
2024-06-12 10:35:00,50412.00,50431.90,50395.00,50417.00,570.00,True,-2.44,-0.37,-2.06
2024-06-12 10:36:00,50417.00,50435.00,50414.00,50422.00,145.00,True,-2.22,-0.74,-1.48
2024-06-12 10:36:00,50422.00,50435.00,50414.00,50427.00,145.00,True,-1.63,-0.92,-0.71
2024-06-12 10:36:00,50427.00,50435.00,50414.00,50432.00,145.00,True,-0.75,-0.89,0.14
2024-06-12 10:37:00,50432.00,50438.00,50418.30,50437.00,660.00,True,0.35,-0.64,0.99
2024-06-12 10:38:00,50437.00,50460.00,50440.00,50442.00,335.00,True,1.6,-0.19,1.79
2024-06-12 10:38:00,50442.00,50460.00,50440.00,50447.00,335.00,True,2.97,0.44,2.53
2024-06-12 10:38:00,50447.00,50460.00,50440.00,50452.00,335.00,True,4.4,1.23,3.17
2024-06-12 10:39:00,50452.00,50458.05,50438.30,50457.00,720.00,True,5.87,2.16,3.71
2024-06-12 10:41:00,50457.00,50499.00,50450.00,50462.00,733.12,True,7.36,3.2,4.16
2024-06-12 10:41:00,50462.00,50499.00,50450.00,50467.00,733.12,True,8.84,4.33,4.51
2024-06-12 10:41:00,50467.00,50499.00,50450.00,50472.00,733.12,True,10.29,5.52,4.77
2024-06-12 10:41:00,50472.00,50499.00,50450.00,50477.00,733.12,True,11.72,6.76,4.96
2024-06-12 10:41:00,50477.00,50499.00,50450.00,50482.00,733.12,True,13.1,8.03,5.07
2024-06-12 10:41:00,50482.00,50499.00,50450.00,50487.00,733.12,True,14.43,9.31,5.12
2024-06-12 10:41:00,50487.00,50499.00,50450.00,50492.00,733.12,True,15.7,10.59,5.12
2024-06-12 10:41:00,50492.00,50499.00,50450.00,50497.00,733.12,True,16.92,11.85,5.07
2024-06-12 10:42:00,50492.00,50500.00,50480.00,50487.00,3615.00,False,16.89,12.86,4.03
2024-06-12 10:43:00,50492.00,50527.00,50475.00,50497.00,2630.00,True,17.47,13.78,3.69
2024-06-12 10:43:00,50497.00,50527.00,50475.00,50502.00,2630.00,True,18.12,14.65,3.47
2024-06-12 10:43:00,50502.00,50527.00,50475.00,50507.00,2630.00,True,18.83,15.49,3.34
2024-06-12 10:44:00,50507.00,50547.00,50491.95,50512.00,2220.00,True,19.56,16.3,3.26
2024-06-12 10:44:00,50512.00,50547.00,50491.95,50517.00,2220.00,True,20.31,17.1,3.21
2024-06-12 10:44:00,50517.00,50547.00,50491.95,50522.00,2220.00,True,21.07,17.9,3.17
2024-06-12 10:47:00,50517.00,50542.40,50502.90,50512.00,3555.00,False,20.63,18.44,2.18
2024-06-12 10:47:00,50512.00,50542.40,50502.90,50507.00,3555.00,False,19.64,18.68,0.96
2024-06-12 10:49:00,50507.00,50522.00,50488.25,50502.00,1005.00,False,18.25,18.6,-0.35
2024-06-12 10:49:00,50502.00,50522.00,50488.25,50497.00,1005.00,False,16.55,18.19,-1.63
2024-06-12 10:53:00,50502.00,50512.95,50476.80,50507.00,3240.00,True,15.83,17.72,-1.88
2024-06-12 10:54:00,50507.00,50521.45,50504.35,50512.00,315.00,True,15.49,17.27,-1.78
2024-06-12 10:55:00,50507.00,50500.45,50497.05,50502.00,1560.00,False,14.24,16.66,-2.42
2024-06-12 10:59:00,50502.00,50520.00,50470.50,50497.00,1402.50,False,12.7,15.87,-3.17
2024-06-12 10:59:00,50497.00,50520.00,50470.50,50492.00,1402.50,False,10.95,14.89,-3.93
2024-06-12 11:00:00,50492.00,50494.00,50475.15,50487.00,652.50,False,9.06,13.72,-4.66
2024-06-12 11:00:00,50487.00,50494.00,50475.15,50482.00,652.50,False,7.08,12.39,-5.32
2024-06-12 11:02:00,50482.00,50498.00,50456.20,50477.00,735.00,False,5.04,10.92,-5.88
2024-06-12 11:02:00,50477.00,50498.00,50456.20,50472.00,735.00,False,2.99,9.34,-6.35
2024-06-12 11:03:00,50472.00,50470.00,50441.15,50467.00,127.50,False,0.95,7.66,-6.71
2024-06-12 11:03:00,50467.00,50470.00,50441.15,50462.00,127.50,False,-1.06,5.92,-6.97
2024-06-12 11:03:00,50462.00,50470.00,50441.15,50457.00,127.50,False,-3.02,4.13,-7.15
2024-06-12 11:03:00,50457.00,50470.00,50441.15,50452.00,127.50,False,-4.92,2.32,-7.24
2024-06-12 11:05:00,50457.00,50471.90,50441.40,50462.00,435.00,True,-5.55,0.75,-6.3
2024-06-12 11:05:00,50462.00,50471.90,50441.40,50467.00,435.00,True,-5.59,-0.52,-5.07
2024-06-12 11:08:00,50462.00,50480.00,50448.15,50457.00,1095.00,False,-6.35,-1.69,-4.66
2024-06-12 11:08:00,50457.00,50480.00,50448.15,50452.00,1095.00,False,-7.27,-2.8,-4.47
2024-06-12 11:10:00,50452.00,50456.40,50435.00,50447.00,480.00,False,-8.31,-3.9,-4.41
2024-06-12 11:10:00,50447.00,50456.40,50435.00,50442.00,480.00,False,-9.43,-5.01,-4.42
2024-06-12 11:10:00,50442.00,50456.40,50435.00,50437.00,480.00,False,-10.6,-6.13,-4.47
2024-06-12 11:11:00,50442.00,50461.25,50439.70,50447.00,140.00,True,-10.59,-7.02,-3.57
2024-06-12 11:11:00,50447.00,50461.25,50439.70,50452.00,140.00,True,-10.07,-7.63,-2.44
2024-06-12 11:11:00,50452.00,50461.25,50439.70,50457.00,140.00,True,-9.15,-7.93,-1.21
2024-06-12 11:12:00,50457.00,50471.00,50459.95,50462.00,225.00,True,-7.92,-7.93,0.01
2024-06-12 11:13:00,50457.00,50464.85,50450.75,50452.00,90.00,False,-7.67,-7.88,0.21
2024-06-12 11:16:00,50452.00,50464.40,50435.15,50447.00,915.00,False,-7.78,-7.86,0.08
2024-06-12 11:17:00,50447.00,50450.00,50435.75,50442.00,195.00,False,-8.18,-7.92,-0.26
2024-06-12 11:17:00,50442.00,50450.00,50435.75,50437.00,195.00,False,-8.8,-8.1,-0.7
2024-06-12 11:19:00,50437.00,50443.00,50430.00,50432.00,450.00,False,-9.58,-8.39,-1.19
2024-06-12 11:22:00,50437.00,50443.65,50427.00,50442.00,780.00,True,-9.29,-8.57,-0.71
2024-06-12 11:26:00,50437.00,50450.00,50425.00,50432.00,795.00,False,-9.75,-8.81,-0.94
2024-06-12 11:27:00,50432.00,50430.65,50380.00,50427.00,100.50,False,-10.4,-9.13,-1.27
2024-06-12 11:27:00,50427.00,50430.65,50380.00,50422.00,100.50,False,-11.19,-9.54,-1.65
2024-06-12 11:27:00,50422.00,50430.65,50380.00,50417.00,100.50,False,-12.08,-10.05,-2.03
2024-06-12 11:27:00,50417.00,50430.65,50380.00,50412.00,100.50,False,-13.04,-10.64,-2.39
2024-06-12 11:27:00,50412.00,50430.65,50380.00,50407.00,100.50,False,-14.04,-11.32,-2.71
2024-06-12 11:27:00,50407.00,50430.65,50380.00,50402.00,100.50,False,-15.06,-12.07,-2.99
2024-06-12 11:27:00,50402.00,50430.65,50380.00,50397.00,100.50,False,-16.09,-12.87,-3.22
2024-06-12 11:27:00,50397.00,50430.65,50380.00,50392.00,100.50,False,-17.11,-13.72,-3.39
2024-06-12 11:27:00,50392.00,50430.65,50380.00,50387.00,100.50,False,-18.12,-14.6,-3.51
2024-06-12 11:27:00,50387.00,50430.65,50380.00,50382.00,100.50,False,-19.09,-15.5,-3.6
2024-06-12 11:28:00,50382.00,50377.80,50320.00,50377.00,480.00,False,-20.04,-16.41,-3.64
2024-06-12 11:28:00,50377.00,50377.80,50320.00,50372.00,480.00,False,-20.96,-17.32,-3.64
2024-06-12 11:28:00,50372.00,50377.80,50320.00,50367.00,480.00,False,-21.83,-18.22,-3.61
2024-06-12 11:28:00,50367.00,50377.80,50320.00,50362.00,480.00,False,-22.67,-19.11,-3.56
2024-06-12 11:28:00,50362.00,50377.80,50320.00,50357.00,480.00,False,-23.46,-19.98,-3.48
2024-06-12 11:28:00,50357.00,50377.80,50320.00,50352.00,480.00,False,-24.22,-20.83,-3.39
2024-06-12 11:28:00,50352.00,50377.80,50320.00,50347.00,480.00,False,-24.93,-21.65,-3.28
2024-06-12 11:28:00,50347.00,50377.80,50320.00,50342.00,480.00,False,-25.61,-22.44,-3.17
2024-06-12 11:29:00,50342.00,50350.00,50321.80,50337.00,960.00,False,-26.24,-23.2,-3.04
2024-06-12 11:30:00,50337.00,50339.70,50282.05,50332.00,186.00,False,-26.84,-23.93,-2.91
2024-06-12 11:30:00,50332.00,50339.70,50282.05,50327.00,186.00,False,-27.4,-24.62,-2.78
2024-06-12 11:30:00,50327.00,50339.70,50282.05,50322.00,186.00,False,-27.93,-25.28,-2.64
2024-06-12 11:30:00,50322.00,50339.70,50282.05,50317.00,186.00,False,-28.42,-25.91,-2.51
2024-06-12 11:30:00,50317.00,50339.70,50282.05,50312.00,186.00,False,-28.88,-26.51,-2.38
2024-06-12 11:30:00,50312.00,50339.70,50282.05,50307.00,186.00,False,-29.31,-27.07,-2.25
2024-06-12 11:30:00,50307.00,50339.70,50282.05,50302.00,186.00,False,-29.72,-27.6,-2.12
2024-06-12 11:30:00,50302.00,50339.70,50282.05,50297.00,186.00,False,-30.09,-28.1,-2.0
2024-06-12 11:30:00,50297.00,50339.70,50282.05,50292.00,186.00,False,-30.44,-28.57,-1.88
2024-06-12 11:30:00,50292.00,50339.70,50282.05,50287.00,186.00,False,-30.77,-29.01,-1.76
2024-06-12 11:31:00,50292.00,50316.75,50282.00,50297.00,251.25,True,-29.88,-29.18,-0.7
2024-06-12 11:31:00,50297.00,50316.75,50282.00,50302.00,251.25,True,-28.44,-29.03,0.59
2024-06-12 11:31:00,50302.00,50316.75,50282.00,50307.00,251.25,True,-26.59,-28.54,1.96
2024-06-12 11:31:00,50307.00,50316.75,50282.00,50312.00,251.25,True,-24.43,-27.72,3.29
2024-06-12 11:32:00,50312.00,50333.90,50321.00,50317.00,495.00,True,-22.07,-26.59,4.52
2024-06-12 11:33:00,50317.00,50341.95,50312.70,50322.00,127.50,True,-19.57,-25.19,5.62
2024-06-12 11:33:00,50322.00,50341.95,50312.70,50327.00,127.50,True,-16.99,-23.55,6.56
2024-06-12 11:33:00,50327.00,50341.95,50312.70,50332.00,127.50,True,-14.37,-21.71,7.34
2024-06-12 11:33:00,50332.00,50341.95,50312.70,50337.00,127.50,True,-11.76,-19.72,7.96
2024-06-12 11:37:00,50332.00,50351.10,50315.00,50327.00,885.00,False,-10.38,-17.85,7.47
2024-06-12 11:37:00,50327.00,50351.10,50315.00,50322.00,885.00,False,-9.58,-16.2,6.62
2024-06-12 11:37:00,50322.00,50351.10,50315.00,50317.00,885.00,False,-9.24,-14.81,5.57
2024-06-12 11:40:00,50317.00,50323.95,50284.95,50312.00,1125.00,False,-9.27,-13.7,4.43
2024-06-12 11:40:00,50312.00,50323.95,50284.95,50307.00,1125.00,False,-9.58,-12.87,3.29
2024-06-12 11:42:00,50312.00,50330.00,50302.10,50317.00,95.00,True,-8.92,-12.08,3.16
2024-06-12 11:42:00,50317.00,50330.00,50302.10,50322.00,95.00,True,-7.9,-11.25,3.34
2024-06-12 11:42:00,50322.00,50330.00,50302.10,50327.00,95.00,True,-6.62,-10.32,3.7
2024-06-12 11:43:00,50327.00,50350.35,50335.50,50332.00,22.50,True,-5.13,-9.28,4.15
2024-06-12 11:43:00,50332.00,50350.35,50335.50,50337.00,22.50,True,-3.52,-8.13,4.61
2024-06-12 11:43:00,50337.00,50350.35,50335.50,50342.00,22.50,True,-1.81,-6.87,5.06
2024-06-12 11:43:00,50342.00,50350.35,50335.50,50347.00,22.50,True,-0.05,-5.5,5.45
2024-06-12 11:46:00,50347.00,50365.00,50338.55,50352.00,187.50,True,1.72,-4.06,5.78
2024-06-12 11:46:00,50352.00,50365.00,50338.55,50357.00,187.50,True,3.49,-2.55,6.04
2024-06-12 11:47:00,50357.00,50370.00,50360.00,50362.00,330.00,True,5.24,-0.99,6.23
2024-06-12 11:49:00,50357.00,50365.00,50350.00,50352.00,525.00,False,5.75,0.36,5.39
2024-06-12 11:51:00,50352.00,50360.00,50340.95,50347.00,225.00,False,5.69,1.42,4.26
2024-06-12 11:52:00,50352.00,50370.00,50341.85,50357.00,67.50,True,6.37,2.41,3.96
2024-06-12 11:52:00,50357.00,50370.00,50341.85,50362.00,67.50,True,7.23,3.38,3.85
2024-06-12 11:53:00,50362.00,50378.30,50367.00,50367.00,105.00,True,8.22,4.35,3.88
2024-06-12 11:55:00,50367.00,50373.00,50362.95,50372.00,1095.00,True,9.3,5.34,3.97
2024-06-12 11:56:00,50367.00,50371.80,50361.70,50362.00,45.00,False,9.25,6.12,3.13
2024-06-12 11:58:00,50367.00,50394.05,50364.90,50372.00,54.00,True,9.89,6.87,3.02
2024-06-12 11:58:00,50372.00,50394.05,50364.90,50377.00,54.00,True,10.69,7.64,3.05
2024-06-12 11:58:00,50377.00,50394.05,50364.90,50382.00,54.00,True,11.59,8.43,3.16
2024-06-12 11:58:00,50382.00,50394.05,50364.90,50387.00,54.00,True,12.56,9.25,3.31
2024-06-12 11:58:00,50387.00,50394.05,50364.90,50392.00,54.00,True,13.58,10.12,3.46
2024-06-12 12:00:00,50387.00,50399.00,50371.00,50382.00,85.00,False,13.42,10.78,2.64
2024-06-12 12:00:00,50382.00,50399.00,50371.00,50377.00,85.00,False,12.75,11.17,1.57
2024-06-12 12:00:00,50377.00,50399.00,50371.00,50372.00,85.00,False,11.67,11.27,0.4
2024-06-12 12:02:00,50372.00,50384.65,50358.80,50367.00,105.00,False,10.3,11.08,-0.78
2024-06-12 12:02:00,50367.00,50384.65,50358.80,50362.00,105.00,False,8.71,10.6,-1.89
2024-06-12 12:06:00,50362.00,50365.95,50348.30,50357.00,735.00,False,6.97,9.88,-2.91
2024-06-12 12:08:00,50357.00,50356.50,50324.00,50352.00,170.00,False,5.12,8.93,-3.8
2024-06-12 12:08:00,50352.00,50356.50,50324.00,50347.00,170.00,False,3.22,7.78,-4.57
2024-06-12 12:08:00,50347.00,50356.50,50324.00,50342.00,170.00,False,1.29,6.49,-5.19
2024-06-12 12:08:00,50342.00,50356.50,50324.00,50337.00,170.00,False,-0.63,5.06,-5.69
2024-06-12 12:08:00,50337.00,50356.50,50324.00,50332.00,170.00,False,-2.53,3.54,-6.07
2024-06-12 12:08:00,50332.00,50356.50,50324.00,50327.00,170.00,False,-4.39,1.96,-6.34
2024-06-12 12:09:00,50327.00,50320.00,50298.90,50322.00,180.00,False,-6.19,0.33,-6.52
2024-06-12 12:09:00,50322.00,50320.00,50298.90,50317.00,180.00,False,-7.93,-1.32,-6.61
2024-06-12 12:09:00,50317.00,50320.00,50298.90,50312.00,180.00,False,-9.61,-2.98,-6.63
2024-06-12 12:09:00,50312.00,50320.00,50298.90,50307.00,180.00,False,-11.21,-4.63,-6.58
2024-06-12 12:11:00,50307.00,50314.95,50282.25,50302.00,637.50,False,-12.73,-6.25,-6.48
2024-06-12 12:11:00,50302.00,50314.95,50282.25,50297.00,637.50,False,-14.18,-7.83,-6.35
2024-06-12 12:13:00,50302.00,50314.85,50290.00,50307.00,210.00,True,-14.35,-9.14,-5.22
2024-06-12 12:13:00,50307.00,50314.85,50290.00,50312.00,210.00,True,-13.93,-10.1,-3.83
2024-06-12 12:15:00,50312.00,50328.00,50314.75,50317.00,20.00,True,-13.04,-10.68,-2.35
2024-06-12 12:15:00,50317.00,50328.00,50314.75,50322.00,20.00,True,-11.79,-10.91,-0.89
2024-06-12 12:15:00,50322.00,50328.00,50314.75,50327.00,20.00,True,-10.28,-10.78,0.5
2024-06-12 12:16:00,50322.00,50328.00,50315.80,50317.00,345.00,False,-9.78,-10.58,0.8
2024-06-12 12:17:00,50317.00,50310.05,50300.00,50312.00,80.00,False,-9.68,-10.4,0.72
2024-06-12 12:17:00,50312.00,50310.05,50300.00,50307.00,80.00,False,-9.88,-10.3,0.41
2024-06-12 12:17:00,50307.00,50310.05,50300.00,50302.00,80.00,False,-10.33,-10.3,-0.03
2024-06-12 12:18:00,50307.00,50328.00,50314.70,50312.00,56.25,True,-9.77,-10.2,0.43
2024-06-12 12:18:00,50312.00,50328.00,50314.70,50317.00,56.25,True,-8.81,-9.92,1.11
2024-06-12 12:18:00,50317.00,50328.00,50314.70,50322.00,56.25,True,-7.57,-9.45,1.88
2024-06-12 12:18:00,50322.00,50328.00,50314.70,50327.00,56.25,True,-6.11,-8.78,2.67
2024-06-12 12:23:00,50322.00,50334.50,50304.95,50317.00,360.00,False,-5.69,-8.16,2.47
2024-06-12 12:23:00,50317.00,50334.50,50304.95,50312.00,360.00,False,-5.7,-7.67,1.97
2024-06-12 12:24:00,50312.00,50311.50,50289.70,50307.00,140.00,False,-6.04,-7.34,1.31
2024-06-12 12:24:00,50307.00,50311.50,50289.70,50302.00,140.00,False,-6.63,-7.2,0.57
2024-06-12 12:24:00,50302.00,50311.50,50289.70,50297.00,140.00,False,-7.42,-7.25,-0.18
2024-06-12 12:25:00,50297.00,50303.70,50285.15,50292.00,90.00,False,-8.36,-7.47,-0.89
2024-06-12 12:25:00,50292.00,50303.70,50285.15,50287.00,90.00,False,-9.39,-7.85,-1.54
2024-06-12 12:26:00,50292.00,50314.45,50296.25,50297.00,405.00,True,-9.3,-8.14,-1.16
2024-06-12 12:27:00,50297.00,50319.85,50314.85,50302.00,35.00,True,-8.72,-8.26,-0.46
2024-06-12 12:27:00,50302.00,50319.85,50314.85,50307.00,35.00,True,-7.77,-8.16,0.39
2024-06-12 12:27:00,50307.00,50319.85,50314.85,50312.00,35.00,True,-6.54,-7.84,1.3
2024-06-12 12:28:00,50312.00,50325.40,50320.00,50317.00,75.00,True,-5.1,-7.29,2.19
2024-06-12 12:29:00,50312.00,50314.60,50295.85,50307.00,175.00,False,-4.71,-6.77,2.06
2024-06-12 12:29:00,50307.00,50314.60,50295.85,50302.00,175.00,False,-4.75,-6.37,1.62
2024-06-12 12:29:00,50302.00,50314.60,50295.85,50297.00,175.00,False,-5.13,-6.12,0.99
2024-06-12 12:33:00,50297.00,50318.10,50275.00,50292.00,270.00,False,-5.76,-6.05,0.29
2024-06-12 12:33:00,50292.00,50318.10,50275.00,50287.00,270.00,False,-6.59,-6.16,-0.44
2024-06-12 12:33:00,50287.00,50318.10,50275.00,50282.00,270.00,False,-7.57,-6.44,-1.13
2024-06-12 12:33:00,50282.00,50318.10,50275.00,50277.00,270.00,False,-8.65,-6.88,-1.76
2024-06-12 12:34:00,50282.00,50289.20,50261.80,50287.00,465.00,True,-8.59,-7.22,-1.37
2024-06-12 12:35:00,50287.00,50302.45,50280.35,50292.00,255.00,True,-8.06,-7.39,-0.67
2024-06-12 12:36:00,50287.00,50283.20,50280.85,50282.00,45.00,False,-8.34,-7.58,-0.76
2024-06-12 12:37:00,50282.00,50282.00,50248.05,50277.00,393.75,False,-8.87,-7.84,-1.03
2024-06-12 12:37:00,50277.00,50282.00,50248.05,50272.00,393.75,False,-9.58,-8.19,-1.39
2024-06-12 12:37:00,50272.00,50282.00,50248.05,50267.00,393.75,False,-10.42,-8.63,-1.79
2024-06-12 12:37:00,50267.00,50282.00,50248.05,50262.00,393.75,False,-11.37,-9.18,-2.19
2024-06-12 12:38:00,50267.00,50290.75,50269.80,50272.00,123.75,True,-11.18,-9.58,-1.6
2024-06-12 12:38:00,50272.00,50290.75,50269.80,50277.00,123.75,True,-10.5,-9.76,-0.74
2024-06-12 12:38:00,50277.00,50290.75,50269.80,50282.00,123.75,True,-9.46,-9.7,0.25
2024-06-12 12:38:00,50282.00,50290.75,50269.80,50287.00,123.75,True,-8.13,-9.39,1.26
2024-06-12 12:42:00,50282.00,50295.30,50274.00,50277.00,555.00,False,-7.8,-9.07,1.27
2024-06-12 12:46:00,50277.00,50279.95,50267.40,50272.00,1380.00,False,-7.84,-8.82,0.98
2024-06-12 12:47:00,50277.00,50293.70,50274.00,50282.00,225.00,True,-7.0,-8.46,1.46
2024-06-12 12:49:00,50277.00,50283.70,50265.00,50272.00,202.50,False,-7.05,-8.18,1.13
2024-06-12 12:49:00,50272.00,50283.70,50265.00,50267.00,202.50,False,-7.41,-8.02,0.62
2024-06-12 12:50:00,50267.00,50267.95,50210.00,50262.00,289.50,False,-8.0,-8.02,0.02
2024-06-12 12:50:00,50262.00,50267.95,50210.00,50257.00,289.50,False,-8.78,-8.17,-0.61
2024-06-12 12:50:00,50257.00,50267.95,50210.00,50252.00,289.50,False,-9.68,-8.47,-1.21
2024-06-12 12:50:00,50252.00,50267.95,50210.00,50247.00,289.50,False,-10.68,-8.92,-1.77
2024-06-12 12:50:00,50247.00,50267.95,50210.00,50242.00,289.50,False,-11.74,-9.48,-2.26
2024-06-12 12:50:00,50242.00,50267.95,50210.00,50237.00,289.50,False,-12.84,-10.15,-2.68
2024-06-12 12:50:00,50237.00,50267.95,50210.00,50232.00,289.50,False,-13.95,-10.91,-3.04
2024-06-12 12:50:00,50232.00,50267.95,50210.00,50227.00,289.50,False,-15.06,-11.74,-3.32
2024-06-12 12:50:00,50227.00,50267.95,50210.00,50222.00,289.50,False,-16.15,-12.62,-3.53
2024-06-12 12:50:00,50222.00,50267.95,50210.00,50217.00,289.50,False,-17.23,-13.54,-3.68
2024-06-12 12:52:00,50222.00,50233.95,50200.05,50227.00,1650.00,True,-17.08,-14.25,-2.83
2024-06-12 12:53:00,50222.00,50241.85,50216.30,50217.00,795.00,False,-17.56,-14.91,-2.65
2024-06-12 12:54:00,50222.00,50230.05,50220.00,50227.00,255.00,True,-16.94,-15.32,-1.62
2024-06-12 12:56:00,50227.00,50235.90,50210.05,50232.00,285.00,True,-15.86,-15.43,-0.44
2024-06-12 12:59:00,50232.00,50250.00,50224.60,50237.00,320.00,True,-14.44,-15.23,0.79
2024-06-12 12:59:00,50237.00,50250.00,50224.60,50242.00,320.00,True,-12.76,-14.74,1.97
2024-06-12 12:59:00,50242.00,50250.00,50224.60,50247.00,320.00,True,-10.9,-13.97,3.07
2024-06-12 13:00:00,50247.00,50284.85,50255.75,50252.00,180.00,True,-8.92,-12.96,4.04
2024-06-12 13:00:00,50252.00,50284.85,50255.75,50257.00,180.00,True,-6.87,-11.74,4.87
2024-06-12 13:00:00,50257.00,50284.85,50255.75,50262.00,180.00,True,-4.79,-10.35,5.56
2024-06-12 13:00:00,50262.00,50284.85,50255.75,50267.00,180.00,True,-2.7,-8.82,6.12
2024-06-12 13:00:00,50267.00,50284.85,50255.75,50272.00,180.00,True,-0.63,-7.18,6.55
2024-06-12 13:00:00,50272.00,50284.85,50255.75,50277.00,180.00,True,1.39,-5.47,6.86
2024-06-12 13:03:00,50277.00,50295.60,50271.00,50282.00,640.00,True,3.36,-3.7,7.06
2024-06-12 13:03:00,50282.00,50295.60,50271.00,50287.00,640.00,True,5.26,-1.91,7.17
2024-06-12 13:03:00,50287.00,50295.60,50271.00,50292.00,640.00,True,7.09,-0.11,7.2
2024-06-12 13:05:00,50292.00,50313.90,50285.80,50297.00,577.50,True,8.84,1.68,7.16
2024-06-12 13:05:00,50297.00,50313.90,50285.80,50302.00,577.50,True,10.51,3.45,7.07
2024-06-12 13:08:00,50297.00,50306.00,50278.10,50292.00,415.00,False,10.9,4.94,5.97
2024-06-12 13:08:00,50292.00,50306.00,50278.10,50287.00,415.00,False,10.69,6.09,4.6
2024-06-12 13:08:00,50287.00,50306.00,50278.10,50282.00,415.00,False,10.0,6.87,3.13
2024-06-12 13:10:00,50282.00,50283.20,50270.00,50277.00,1275.00,False,8.94,7.28,1.66
2024-06-12 13:15:00,50277.00,50289.05,50261.00,50272.00,277.50,False,7.62,7.35,0.27
2024-06-12 13:15:00,50272.00,50289.05,50261.00,50267.00,277.50,False,6.09,7.1,-1.01
2024-06-12 13:16:00,50267.00,50262.10,50257.95,50262.00,150.00,False,4.43,6.56,-2.14
2024-06-12 13:18:00,50267.00,50281.95,50256.30,50272.00,112.50,True,3.87,6.03,-2.15
2024-06-12 13:18:00,50272.00,50281.95,50256.30,50277.00,112.50,True,3.79,5.58,-1.79
2024-06-12 13:19:00,50272.00,50281.65,50251.00,50267.00,251.25,False,2.89,5.04,-2.15
2024-06-12 13:19:00,50267.00,50281.65,50251.00,50262.00,251.25,False,1.75,4.38,-2.63
2024-06-12 13:19:00,50262.00,50281.65,50251.00,50257.00,251.25,False,0.44,3.59,-3.16
2024-06-12 13:19:00,50257.00,50281.65,50251.00,50252.00,251.25,False,-1.0,2.68,-3.67
2024-06-12 13:20:00,50252.00,50255.85,50240.00,50247.00,360.00,False,-2.5,1.64,-4.14
2024-06-12 13:20:00,50247.00,50255.85,50240.00,50242.00,360.00,False,-4.06,0.5,-4.56
2024-06-12 13:22:00,50247.00,50255.05,50240.15,50252.00,615.00,True,-4.43,-0.49,-3.94
2024-06-12 13:25:00,50247.00,50258.50,50242.00,50242.00,885.00,False,-5.47,-1.48,-3.99
2024-06-12 13:27:00,50242.00,50246.25,50231.00,50237.00,600.00,False,-6.62,-2.51,-4.11
2024-06-12 13:28:00,50237.00,50235.00,50221.05,50232.00,110.00,False,-7.84,-3.58,-4.27
2024-06-12 13:28:00,50232.00,50235.00,50221.05,50227.00,110.00,False,-9.11,-4.68,-4.43
2024-06-12 13:28:00,50227.00,50235.00,50221.05,50222.00,110.00,False,-10.4,-5.83,-4.58
2024-06-12 13:31:00,50227.00,50240.50,50211.15,50232.00,645.00,True,-10.5,-6.76,-3.74
2024-06-12 13:31:00,50232.00,50240.50,50211.15,50237.00,645.00,True,-10.05,-7.42,-2.63
2024-06-12 13:32:00,50237.00,50263.95,50248.35,50242.00,86.25,True,-9.19,-7.77,-1.42
2024-06-12 13:32:00,50242.00,50263.95,50248.35,50247.00,86.25,True,-8.01,-7.82,-0.19
2024-06-12 13:32:00,50247.00,50263.95,50248.35,50252.00,86.25,True,-6.6,-7.58,0.98
2024-06-12 13:32:00,50252.00,50263.95,50248.35,50257.00,86.25,True,-5.02,-7.06,2.05
2024-06-12 13:33:00,50257.00,50295.00,50273.45,50262.00,77.50,True,-3.32,-6.32,3.0
2024-06-12 13:33:00,50262.00,50295.00,50273.45,50267.00,77.50,True,-1.56,-5.36,3.81
2024-06-12 13:33:00,50267.00,50295.00,50273.45,50272.00,77.50,True,0.24,-4.24,4.49
2024-06-12 13:33:00,50272.00,50295.00,50273.45,50277.00,77.50,True,2.05,-2.98,5.03
2024-06-12 13:33:00,50277.00,50295.00,50273.45,50282.00,77.50,True,3.84,-1.62,5.46
2024-06-12 13:33:00,50282.00,50295.00,50273.45,50287.00,77.50,True,5.6,-0.18,5.77
2024-06-12 13:34:00,50282.00,50285.00,50271.00,50277.00,82.50,False,6.11,1.08,5.03
2024-06-12 13:34:00,50277.00,50285.00,50271.00,50272.00,82.50,False,6.05,2.08,3.97
2024-06-12 13:35:00,50277.00,50285.00,50279.75,50282.00,90.00,True,6.73,3.01,3.72
2024-06-12 13:38:00,50282.00,50297.95,50280.80,50287.00,145.00,True,7.58,3.92,3.66
2024-06-12 13:38:00,50287.00,50297.95,50280.80,50292.00,145.00,True,8.56,4.85,3.71
2024-06-12 13:38:00,50292.00,50297.95,50280.80,50297.00,145.00,True,9.63,5.81,3.83
2024-06-12 13:40:00,50292.00,50298.30,50284.45,50287.00,450.00,False,9.56,6.56,3.01
2024-06-12 13:41:00,50287.00,50290.20,50270.55,50282.00,55.00,False,9.0,7.05,1.96
2024-06-12 13:41:00,50282.00,50290.20,50270.55,50277.00,55.00,False,8.06,7.25,0.81
2024-06-12 13:41:00,50277.00,50290.20,50270.55,50272.00,55.00,False,6.83,7.16,-0.33
2024-06-12 13:43:00,50272.00,50284.85,50258.20,50267.00,150.00,False,5.39,6.81,-1.42
2024-06-12 13:43:00,50267.00,50284.85,50258.20,50262.00,150.00,False,3.8,6.21,-2.41
2024-06-12 13:46:00,50262.00,50266.95,50246.70,50257.00,292.50,False,2.12,5.39,-3.27
2024-06-12 13:46:00,50257.00,50266.95,50246.70,50252.00,292.50,False,0.37,4.39,-4.01
2024-06-12 13:48:00,50252.00,50262.45,50244.00,50247.00,180.00,False,-1.4,3.23,-4.63
2024-06-12 13:49:00,50247.00,50244.00,50221.50,50242.00,145.00,False,-3.17,1.95,-5.12
2024-06-12 13:49:00,50242.00,50244.00,50221.50,50237.00,145.00,False,-4.92,0.58,-5.49
2024-06-12 13:49:00,50237.00,50244.00,50221.50,50232.00,145.00,False,-6.63,-0.86,-5.76
2024-06-12 13:50:00,50232.00,50221.05,50183.60,50227.00,271.67,False,-8.29,-2.35,-5.94
2024-06-12 13:50:00,50227.00,50221.05,50183.60,50222.00,271.67,False,-9.9,-3.86,-6.04
2024-06-12 13:50:00,50222.00,50221.05,50183.60,50217.00,271.67,False,-11.45,-5.38,-6.07
2024-06-12 13:50:00,50217.00,50221.05,50183.60,50212.00,271.67,False,-12.93,-6.89,-6.04
2024-06-12 13:50:00,50212.00,50221.05,50183.60,50207.00,271.67,False,-14.34,-8.38,-5.96
2024-06-12 13:50:00,50207.00,50221.05,50183.60,50202.00,271.67,False,-15.68,-9.84,-5.84
2024-06-12 13:50:00,50202.00,50221.05,50183.60,50197.00,271.67,False,-16.95,-11.26,-5.69
2024-06-12 13:50:00,50197.00,50221.05,50183.60,50192.00,271.67,False,-18.15,-12.64,-5.51
2024-06-12 13:50:00,50192.00,50221.05,50183.60,50187.00,271.67,False,-19.29,-13.97,-5.32
2024-06-12 13:53:00,50192.00,50205.10,50174.20,50197.00,945.00,True,-19.16,-15.01,-4.15
2024-06-12 13:53:00,50197.00,50205.10,50174.20,50202.00,945.00,True,-18.44,-15.69,-2.75
2024-06-12 13:55:00,50202.00,50220.00,50200.00,50207.00,300.00,True,-17.27,-16.01,-1.26
2024-06-12 13:56:00,50207.00,50231.40,50200.05,50212.00,52.50,True,-15.75,-15.96,0.2
2024-06-12 13:56:00,50212.00,50231.40,50200.05,50217.00,52.50,True,-13.99,-15.56,1.58
2024-06-12 13:56:00,50217.00,50231.40,50200.05,50222.00,52.50,True,-12.05,-14.86,2.81
2024-06-12 13:56:00,50222.00,50231.40,50200.05,50227.00,52.50,True,-9.99,-13.89,3.9
2024-06-12 13:58:00,50222.00,50231.55,50197.50,50217.00,270.00,False,-9.06,-12.92,3.86
2024-06-12 13:58:00,50217.00,50231.55,50197.50,50212.00,270.00,False,-8.63,-12.06,3.43
2024-06-12 13:58:00,50212.00,50231.55,50197.50,50207.00,270.00,False,-8.6,-11.37,2.78
2024-06-12 13:58:00,50207.00,50231.55,50197.50,50202.00,270.00,False,-8.87,-10.87,2.0
2024-06-12 13:59:00,50202.00,50197.10,50178.00,50197.00,265.00,False,-9.38,-10.57,1.19
2024-06-12 13:59:00,50197.00,50197.10,50178.00,50192.00,265.00,False,-10.07,-10.47,0.4
2024-06-12 13:59:00,50192.00,50197.10,50178.00,50187.00,265.00,False,-10.9,-10.56,-0.34
2024-06-12 14:00:00,50192.00,50210.00,50185.15,50197.00,220.00,True,-10.62,-10.57,-0.05
2024-06-12 14:00:00,50197.00,50210.00,50185.15,50202.00,220.00,True,-9.89,-10.43,0.55
2024-06-12 14:00:00,50202.00,50210.00,50185.15,50207.00,220.00,True,-8.8,-10.11,1.31
2024-06-12 14:02:00,50202.00,50210.15,50195.10,50197.00,495.00,False,-8.64,-9.81,1.17
2024-06-12 14:04:00,50202.00,50209.30,50180.00,50207.00,690.00,True,-7.63,-9.38,1.75
2024-06-12 14:05:00,50207.00,50222.50,50198.00,50212.00,600.00,True,-6.34,-8.77,2.43
2024-06-12 14:06:00,50207.00,50215.80,50195.30,50202.00,292.50,False,-6.07,-8.23,2.16
2024-06-12 14:06:00,50202.00,50215.80,50195.30,50197.00,292.50,False,-6.18,-7.82,1.64
2024-06-12 14:08:00,50197.00,50201.90,50181.15,50192.00,405.00,False,-6.59,-7.57,0.98
2024-06-12 14:08:00,50192.00,50201.90,50181.15,50187.00,405.00,False,-7.24,-7.51,0.27
2024-06-12 14:11:00,50187.00,50196.75,50144.15,50182.00,5100.00,False,-8.07,-7.62,-0.45
2024-06-12 14:13:00,50187.00,50201.00,50170.80,50192.00,277.50,True,-7.82,-7.66,-0.16
2024-06-12 14:13:00,50192.00,50201.00,50170.80,50197.00,277.50,True,-7.14,-7.56,0.41
2024-06-12 14:14:00,50192.00,50200.00,50185.00,50187.00,180.00,False,-7.33,-7.51,0.18
2024-06-12 14:16:00,50187.00,50195.00,50175.00,50182.00,202.50,False,-7.79,-7.57,-0.22
2024-06-12 14:16:00,50182.00,50195.00,50175.00,50177.00,202.50,False,-8.46,-7.74,-0.71
2024-06-12 14:18:00,50182.00,50209.60,50176.80,50187.00,60.00,True,-8.09,-7.81,-0.28
2024-06-12 14:18:00,50187.00,50209.60,50176.80,50192.00,60.00,True,-7.31,-7.71,0.4
2024-06-12 14:18:00,50192.00,50209.60,50176.80,50197.00,60.00,True,-6.22,-7.41,1.2
2024-06-12 14:18:00,50197.00,50209.60,50176.80,50202.00,60.00,True,-4.89,-6.91,2.02
2024-06-12 14:19:00,50202.00,50240.00,50211.60,50207.00,21.43,True,-3.4,-6.21,2.81
2024-06-12 14:19:00,50207.00,50240.00,50211.60,50212.00,21.43,True,-1.79,-5.32,3.53
2024-06-12 14:19:00,50212.00,50240.00,50211.60,50217.00,21.43,True,-0.11,-4.28,4.17
2024-06-12 14:19:00,50217.00,50240.00,50211.60,50222.00,21.43,True,1.61,-3.1,4.71
2024-06-12 14:19:00,50222.00,50240.00,50211.60,50227.00,21.43,True,3.33,-1.82,5.15
2024-06-12 14:19:00,50227.00,50240.00,50211.60,50232.00,21.43,True,5.04,-0.44,5.49
2024-06-12 14:19:00,50232.00,50240.00,50211.60,50237.00,21.43,True,6.73,0.99,5.74
2024-06-12 14:20:00,50232.00,50243.65,50220.00,50227.00,105.00,False,7.17,2.23,4.94
2024-06-12 14:20:00,50227.00,50243.65,50220.00,50222.00,105.00,False,7.04,3.19,3.85
2024-06-12 14:21:00,50222.00,50223.20,50185.00,50217.00,27.86,False,6.45,3.84,2.61
2024-06-12 14:21:00,50217.00,50223.20,50185.00,50212.00,27.86,False,5.52,4.18,1.35
2024-06-12 14:21:00,50212.00,50223.20,50185.00,50207.00,27.86,False,4.33,4.21,0.13
2024-06-12 14:21:00,50207.00,50223.20,50185.00,50202.00,27.86,False,2.95,3.96,-1.0
2024-06-12 14:21:00,50202.00,50223.20,50185.00,50197.00,27.86,False,1.44,3.45,-2.01
2024-06-12 14:21:00,50197.00,50223.20,50185.00,50192.00,27.86,False,-0.16,2.73,-2.89
2024-06-12 14:21:00,50192.00,50223.20,50185.00,50187.00,27.86,False,-1.81,1.82,-3.64
2024-06-12 14:23:00,50192.00,50199.75,50183.35,50197.00,300.00,True,-2.29,1.0,-3.29
2024-06-12 14:26:00,50192.00,50199.95,50180.00,50187.00,405.00,False,-3.43,0.11,-3.55
2024-06-12 14:30:00,50187.00,50199.95,50163.85,50182.00,1020.00,False,-4.69,-0.85,-3.84
2024-06-12 14:32:00,50187.00,50209.00,50167.90,50192.00,375.00,True,-4.82,-1.64,-3.18
2024-06-12 14:32:00,50192.00,50209.00,50167.90,50197.00,375.00,True,-4.47,-2.21,-2.26
2024-06-12 14:33:00,50197.00,50208.95,50200.10,50202.00,120.00,True,-3.75,-2.52,-1.23
2024-06-12 14:35:00,50202.00,50240.00,50195.00,50207.00,90.00,True,-2.74,-2.56,-0.18
2024-06-12 14:35:00,50207.00,50240.00,50195.00,50212.00,90.00,True,-1.52,-2.35,0.83
2024-06-12 14:35:00,50212.00,50240.00,50195.00,50217.00,90.00,True,-0.15,-1.91,1.76
2024-06-12 14:35:00,50217.00,50240.00,50195.00,50222.00,90.00,True,1.33,-1.26,2.59
2024-06-12 14:35:00,50222.00,50240.00,50195.00,50227.00,90.00,True,2.87,-0.44,3.31
2024-06-12 14:35:00,50227.00,50240.00,50195.00,50232.00,90.00,True,4.44,0.54,3.9
2024-06-12 14:35:00,50232.00,50240.00,50195.00,50237.00,90.00,True,6.02,1.63,4.39
2024-06-12 14:36:00,50237.00,50250.80,50234.30,50242.00,337.50,True,7.59,2.83,4.76
2024-06-12 14:36:00,50242.00,50250.80,50234.30,50247.00,337.50,True,9.13,4.09,5.04
2024-06-12 14:39:00,50242.00,50250.00,50220.00,50237.00,67.50,False,9.44,5.16,4.28
2024-06-12 14:39:00,50237.00,50250.00,50220.00,50232.00,67.50,False,9.17,5.96,3.21
2024-06-12 14:39:00,50232.00,50250.00,50220.00,50227.00,67.50,False,8.46,6.46,2.0
2024-06-12 14:39:00,50227.00,50250.00,50220.00,50222.00,67.50,False,7.4,6.65,0.76
2024-06-12 14:40:00,50227.00,50240.75,50220.00,50232.00,75.00,True,7.29,6.78,0.52
2024-06-12 14:40:00,50232.00,50240.75,50220.00,50237.00,75.00,True,7.52,6.92,0.59
2024-06-12 14:41:00,50237.00,50246.80,50230.00,50242.00,120.00,True,8.01,7.14,0.87
2024-06-12 14:42:00,50242.00,50252.90,50240.45,50247.00,112.50,True,8.7,7.45,1.25
2024-06-12 14:42:00,50247.00,50252.90,50240.45,50252.00,112.50,True,9.55,7.87,1.67
2024-06-12 14:44:00,50252.00,50270.00,50245.15,50257.00,185.00,True,10.5,8.4,2.1
2024-06-12 14:44:00,50257.00,50270.00,50245.15,50262.00,185.00,True,11.52,9.02,2.5
2024-06-12 14:44:00,50262.00,50270.00,50245.15,50267.00,185.00,True,12.59,9.74,2.85
2024-06-12 14:45:00,50267.00,50300.00,50271.60,50272.00,100.00,True,13.68,10.53,3.16
2024-06-12 14:45:00,50272.00,50300.00,50271.60,50277.00,100.00,True,14.78,11.38,3.41
2024-06-12 14:45:00,50277.00,50300.00,50271.60,50282.00,100.00,True,15.87,12.28,3.6
2024-06-12 14:45:00,50282.00,50300.00,50271.60,50287.00,100.00,True,16.95,13.21,3.74
2024-06-12 14:45:00,50287.00,50300.00,50271.60,50292.00,100.00,True,18.0,14.17,3.83
2024-06-12 14:45:00,50292.00,50300.00,50271.60,50297.00,100.00,True,19.01,15.14,3.87
2024-06-12 14:46:00,50292.00,50299.95,50285.95,50287.00,225.00,False,18.79,15.87,2.92
2024-06-12 14:47:00,50287.00,50292.05,50259.65,50282.00,72.00,False,18.0,16.29,1.71
2024-06-12 14:47:00,50282.00,50292.05,50259.65,50277.00,72.00,False,16.78,16.39,0.39
2024-06-12 14:47:00,50277.00,50292.05,50259.65,50272.00,72.00,False,15.24,16.16,-0.92
2024-06-12 14:47:00,50272.00,50292.05,50259.65,50267.00,72.00,False,13.46,15.62,-2.16
2024-06-12 14:47:00,50267.00,50292.05,50259.65,50262.00,72.00,False,11.51,14.8,-3.29
2024-06-12 14:48:00,50262.00,50262.30,50240.05,50257.00,127.50,False,9.45,13.73,-4.28
2024-06-12 14:48:00,50257.00,50262.30,50240.05,50252.00,127.50,False,7.33,12.45,-5.12
2024-06-12 14:49:00,50252.00,50250.00,50240.45,50247.00,90.00,False,5.19,11.0,-5.81
2024-06-12 14:49:00,50247.00,50250.00,50240.45,50242.00,90.00,False,3.05,9.41,-6.36
2024-06-12 14:51:00,50242.00,50251.35,50230.00,50237.00,420.00,False,0.94,7.71,-6.77
2024-06-12 14:52:00,50242.00,50250.00,50232.10,50247.00,180.00,True,0.08,6.19,-6.11
2024-06-12 14:53:00,50247.00,50273.90,50251.85,50252.00,95.00,True,-0.2,4.91,-5.11
2024-06-12 14:53:00,50252.00,50273.90,50251.85,50257.00,95.00,True,-0.02,3.93,-3.94
2024-06-12 14:53:00,50257.00,50273.90,50251.85,50262.00,95.00,True,0.53,3.25,-2.72
2024-06-12 14:55:00,50257.00,50265.75,50250.00,50252.00,165.00,False,0.15,2.63,-2.48
2024-06-12 14:56:00,50252.00,50249.95,50234.85,50247.00,70.00,False,-0.55,1.99,-2.54
2024-06-12 14:56:00,50247.00,50249.95,50234.85,50242.00,70.00,False,-1.49,1.29,-2.78
2024-06-12 14:56:00,50242.00,50249.95,50234.85,50237.00,70.00,False,-2.61,0.51,-3.12
2024-06-12 14:57:00,50237.00,50241.30,50220.00,50232.00,150.00,False,-3.85,-0.36,-3.49
2024-06-12 14:57:00,50232.00,50241.30,50220.00,50227.00,150.00,False,-5.18,-1.32,-3.86
2024-06-12 14:57:00,50227.00,50241.30,50220.00,50222.00,150.00,False,-6.56,-2.37,-4.19
2024-06-12 14:58:00,50222.00,50226.40,50205.60,50217.00,145.00,False,-7.97,-3.49,-4.48
2024-06-12 14:58:00,50217.00,50226.40,50205.60,50212.00,145.00,False,-9.38,-4.67,-4.71
2024-06-12 14:58:00,50212.00,50226.40,50205.60,50207.00,145.00,False,-10.78,-5.89,-4.89
2024-06-12 15:00:00,50207.00,50216.15,50170.00,50202.00,340.00,False,-12.15,-7.14,-5.01
2024-06-12 15:00:00,50202.00,50216.15,50170.00,50197.00,340.00,False,-13.48,-8.41,-5.07
2024-06-12 15:00:00,50197.00,50216.15,50170.00,50192.00,340.00,False,-14.77,-9.68,-5.09
2024-06-12 15:01:00,50192.00,50186.50,50160.05,50187.00,1155.00,False,-16.01,-10.95,-5.07
2024-06-12 15:02:00,50187.00,50179.90,50145.00,50182.00,315.00,False,-17.2,-12.2,-5.0
2024-06-12 15:02:00,50182.00,50179.90,50145.00,50177.00,315.00,False,-18.34,-13.43,-4.91
2024-06-12 15:02:00,50177.00,50179.90,50145.00,50172.00,315.00,False,-19.42,-14.63,-4.79
2024-06-12 15:03:00,50177.00,50200.15,50180.00,50182.00,495.00,True,-19.24,-15.55,-3.69
2024-06-12 15:03:00,50182.00,50200.15,50180.00,50187.00,495.00,True,-18.49,-16.14,-2.35
2024-06-12 15:04:00,50182.00,50177.95,50160.00,50177.00,135.00,False,-18.48,-16.61,-1.88
2024-06-12 15:04:00,50177.00,50177.95,50160.00,50172.00,135.00,False,-18.67,-17.02,-1.65
2024-06-12 15:04:00,50172.00,50177.95,50160.00,50167.00,135.00,False,-19.0,-17.42,-1.59
2024-06-12 15:05:00,50172.00,50220.00,50178.15,50177.00,43.33,True,-18.25,-17.58,-0.66
2024-06-12 15:05:00,50177.00,50220.00,50178.15,50182.00,43.33,True,-17.05,-17.47,0.43
2024-06-12 15:05:00,50182.00,50220.00,50178.15,50187.00,43.33,True,-15.52,-17.08,1.57
2024-06-12 15:05:00,50187.00,50220.00,50178.15,50192.00,43.33,True,-13.74,-16.41,2.67
2024-06-12 15:05:00,50192.00,50220.00,50178.15,50197.00,43.33,True,-11.79,-15.49,3.7
2024-06-12 15:05:00,50197.00,50220.00,50178.15,50202.00,43.33,True,-9.73,-14.34,4.6
2024-06-12 15:05:00,50202.00,50220.00,50178.15,50207.00,43.33,True,-7.61,-12.99,5.38
2024-06-12 15:05:00,50207.00,50220.00,50178.15,50212.00,43.33,True,-5.46,-11.49,6.02
2024-06-12 15:05:00,50212.00,50220.00,50178.15,50217.00,43.33,True,-3.32,-9.85,6.53
2024-06-12 15:06:00,50212.00,50220.00,50191.20,50207.00,202.50,False,-2.4,-8.36,5.96
2024-06-12 15:06:00,50207.00,50220.00,50191.20,50202.00,202.50,False,-2.05,-7.1,5.05
2024-06-12 15:07:00,50202.00,50186.05,50173.80,50197.00,63.00,False,-2.15,-6.11,3.96
2024-06-12 15:07:00,50197.00,50186.05,50173.80,50192.00,63.00,False,-2.6,-5.41,2.8
2024-06-12 15:07:00,50192.00,50186.05,50173.80,50187.00,63.00,False,-3.33,-4.99,1.66
2024-06-12 15:07:00,50187.00,50186.05,50173.80,50182.00,63.00,False,-4.26,-4.85,0.59
2024-06-12 15:07:00,50182.00,50186.05,50173.80,50177.00,63.00,False,-5.34,-4.94,-0.39
2024-06-12 15:08:00,50177.00,50182.95,50159.00,50172.00,285.00,False,-6.52,-5.26,-1.26
2024-06-12 15:08:00,50172.00,50182.95,50159.00,50167.00,285.00,False,-7.77,-5.76,-2.01
2024-06-12 15:09:00,50172.00,50184.25,50158.10,50177.00,510.00,True,-7.86,-6.18,-1.68
2024-06-12 15:10:00,50177.00,50209.80,50180.00,50182.00,50.00,True,-7.45,-6.44,-1.01
2024-06-12 15:10:00,50182.00,50209.80,50180.00,50187.00,50.00,True,-6.64,-6.48,-0.16
2024-06-12 15:10:00,50187.00,50209.80,50180.00,50192.00,50.00,True,-5.53,-6.29,0.76
2024-06-12 15:10:00,50192.00,50209.80,50180.00,50197.00,50.00,True,-4.2,-5.87,1.67
2024-06-12 15:10:00,50197.00,50209.80,50180.00,50202.00,50.00,True,-2.71,-5.24,2.53
2024-06-12 15:10:00,50202.00,50209.80,50180.00,50207.00,50.00,True,-1.12,-4.41,3.3
2024-06-12 15:11:00,50202.00,50207.00,50187.00,50197.00,110.00,False,-0.65,-3.66,3.01
2024-06-12 15:11:00,50197.00,50207.00,50187.00,50192.00,110.00,False,-0.68,-3.07,2.39
2024-06-12 15:11:00,50192.00,50207.00,50187.00,50187.00,110.00,False,-1.09,-2.67,1.58
2024-06-12 15:12:00,50192.00,50207.05,50187.50,50197.00,585.00,True,-0.6,-2.26,1.65
2024-06-12 15:16:00,50197.00,50218.75,50179.05,50202.00,910.00,True,0.18,-1.77,1.95
2024-06-12 15:16:00,50202.00,50218.75,50179.05,50207.00,910.00,True,1.2,-1.18,2.37
2024-06-12 15:16:00,50207.00,50218.75,50179.05,50212.00,910.00,True,2.38,-0.46,2.84
2024-06-12 15:18:00,50207.00,50212.55,50181.55,50202.00,637.50,False,2.48,0.12,2.35
2024-06-12 15:18:00,50202.00,50212.55,50181.55,50197.00,637.50,False,2.13,0.52,1.6
2024-06-12 15:22:00,50197.00,50207.95,50175.00,50192.00,667.50,False,1.43,0.71,0.73
2024-06-12 15:22:00,50192.00,50207.95,50175.00,50187.00,667.50,False,0.47,0.66,-0.19
2024-06-12 15:23:00,50187.00,50187.95,50171.00,50182.00,410.00,False,-0.69,0.39,-1.08
2024-06-12 15:23:00,50182.00,50187.95,50171.00,50177.00,410.00,False,-1.98,-0.09,-1.9
2024-06-12 15:23:00,50177.00,50187.95,50171.00,50172.00,410.00,False,-3.38,-0.74,-2.63
2024-06-12 15:25:00,50172.00,50180.00,50161.00,50167.00,1410.00,False,-4.83,-1.56,-3.27
2024-06-12 15:25:00,50167.00,50180.00,50161.00,50162.00,1410.00,False,-6.31,-2.51,-3.8
2024-06-12 15:26:00,50162.00,50160.05,50147.00,50157.00,562.50,False,-7.8,-3.57,-4.23
2024-06-12 15:26:00,50157.00,50160.05,50147.00,50152.00,562.50,False,-9.27,-4.71,-4.56
2024-06-12 15:27:00,50152.00,50158.50,50120.20,50147.00,1370.00,False,-10.72,-5.91,-4.81
2024-06-12 15:27:00,50147.00,50158.50,50120.20,50142.00,1370.00,False,-12.13,-7.16,-4.98
2024-06-12 15:27:00,50142.00,50158.50,50120.20,50137.00,1370.00,False,-13.5,-8.43,-5.08
2024-06-12 15:28:00,50137.00,50133.00,50105.00,50132.00,840.00,False,-14.82,-9.7,-5.11
2024-06-12 15:28:00,50132.00,50133.00,50105.00,50127.00,840.00,False,-16.08,-10.98,-5.1
2024-06-12 15:28:00,50127.00,50133.00,50105.00,50122.00,840.00,False,-17.28,-12.24,-5.04
2024-06-12 15:29:00,50127.00,50147.55,50106.85,50132.00,1005.00,True,-17.23,-13.24,-3.99
2024-06-12 15:29:00,50132.00,50147.55,50106.85,50137.00,1005.00,True,-16.59,-13.91,-2.69
2024-06-12 15:29:00,50137.00,50147.55,50106.85,50142.00,1005.00,True,-15.51,-14.23,-1.28
2024-06-13 09:15:00,50142.00,50402.75,50255.15,50147.00,121.40,True,-14.08,-14.2,0.12
2024-06-13 09:15:00,50147.00,50402.75,50255.15,50152.00,121.40,True,-12.4,-13.84,1.44
2024-06-13 09:15:00,50152.00,50402.75,50255.15,50157.00,121.40,True,-10.55,-13.18,2.63
2024-06-13 09:15:00,50157.00,50402.75,50255.15,50162.00,121.40,True,-8.58,-12.26,3.68
2024-06-13 09:15:00,50162.00,50402.75,50255.15,50167.00,121.40,True,-6.54,-11.12,4.58
2024-06-13 09:15:00,50167.00,50402.75,50255.15,50172.00,121.40,True,-4.46,-9.79,5.32
2024-06-13 09:15:00,50172.00,50402.75,50255.15,50177.00,121.40,True,-2.39,-8.31,5.92
2024-06-13 09:15:00,50177.00,50402.75,50255.15,50182.00,121.40,True,-0.34,-6.71,6.37
2024-06-13 09:15:00,50182.00,50402.75,50255.15,50187.00,121.40,True,1.67,-5.04,6.71
2024-06-13 09:15:00,50187.00,50402.75,50255.15,50192.00,121.40,True,3.62,-3.31,6.93
2024-06-13 09:15:00,50192.00,50402.75,50255.15,50197.00,121.40,True,5.51,-1.54,7.05
2024-06-13 09:15:00,50197.00,50402.75,50255.15,50202.00,121.40,True,7.33,0.23,7.1
2024-06-13 09:15:00,50202.00,50402.75,50255.15,50207.00,121.40,True,9.07,2.0,7.07
2024-06-13 09:15:00,50207.00,50402.75,50255.15,50212.00,121.40,True,10.72,3.74,6.98
2024-06-13 09:15:00,50212.00,50402.75,50255.15,50217.00,121.40,True,12.3,5.45,6.84
2024-06-13 09:15:00,50217.00,50402.75,50255.15,50222.00,121.40,True,13.79,7.12,6.67
2024-06-13 09:15:00,50222.00,50402.75,50255.15,50227.00,121.40,True,15.2,8.74,6.46
2024-06-13 09:15:00,50227.00,50402.75,50255.15,50232.00,121.40,True,16.53,10.3,6.24
2024-06-13 09:15:00,50232.00,50402.75,50255.15,50237.00,121.40,True,17.79,11.79,5.99
2024-06-13 09:15:00,50237.00,50402.75,50255.15,50242.00,121.40,True,18.96,13.23,5.74
2024-06-13 09:15:00,50242.00,50402.75,50255.15,50247.00,121.40,True,20.07,14.6,5.47
2024-06-13 09:15:00,50247.00,50402.75,50255.15,50252.00,121.40,True,21.11,15.9,5.21
2024-06-13 09:15:00,50252.00,50402.75,50255.15,50257.00,121.40,True,22.08,17.13,4.94
2024-06-13 09:15:00,50257.00,50402.75,50255.15,50262.00,121.40,True,22.99,18.3,4.68
2024-06-13 09:15:00,50262.00,50402.75,50255.15,50267.00,121.40,True,23.83,19.41,4.42
2024-06-13 09:15:00,50267.00,50402.75,50255.15,50272.00,121.40,True,24.62,20.45,4.17
2024-06-13 09:15:00,50272.00,50402.75,50255.15,50277.00,121.40,True,25.36,21.44,3.93
2024-06-13 09:15:00,50277.00,50402.75,50255.15,50282.00,121.40,True,26.05,22.36,3.69
2024-06-13 09:15:00,50282.00,50402.75,50255.15,50287.00,121.40,True,26.69,23.23,3.47
2024-06-13 09:15:00,50287.00,50402.75,50255.15,50292.00,121.40,True,27.29,24.04,3.25
2024-06-13 09:15:00,50292.00,50402.75,50255.15,50297.00,121.40,True,27.85,24.8,3.05
2024-06-13 09:15:00,50297.00,50402.75,50255.15,50302.00,121.40,True,28.36,25.51,2.85
2024-06-13 09:15:00,50302.00,50402.75,50255.15,50307.00,121.40,True,28.84,26.18,2.66
2024-06-13 09:15:00,50307.00,50402.75,50255.15,50312.00,121.40,True,29.29,26.8,2.49
2024-06-13 09:15:00,50312.00,50402.75,50255.15,50317.00,121.40,True,29.71,27.38,2.32
2024-06-13 09:15:00,50317.00,50402.75,50255.15,50322.00,121.40,True,30.09,27.92,2.17
2024-06-13 09:15:00,50322.00,50402.75,50255.15,50327.00,121.40,True,30.45,28.43,2.02
2024-06-13 09:15:00,50327.00,50402.75,50255.15,50332.00,121.40,True,30.78,28.9,1.88
2024-06-13 09:15:00,50332.00,50402.75,50255.15,50337.00,121.40,True,31.09,29.34,1.75
2024-06-13 09:15:00,50337.00,50402.75,50255.15,50342.00,121.40,True,31.38,29.74,1.63
2024-06-13 09:15:00,50342.00,50402.75,50255.15,50347.00,121.40,True,31.64,30.12,1.52
2024-06-13 09:15:00,50347.00,50402.75,50255.15,50352.00,121.40,True,31.89,30.48,1.41
2024-06-13 09:15:00,50352.00,50402.75,50255.15,50357.00,121.40,True,32.12,30.8,1.31
2024-06-13 09:20:00,50357.00,50402.75,50340.00,50362.00,3565.00,True,32.33,31.11,1.22
2024-06-13 09:20:00,50362.00,50402.75,50340.00,50367.00,3565.00,True,32.52,31.39,1.13
2024-06-13 09:20:00,50367.00,50402.75,50340.00,50372.00,3565.00,True,32.71,31.66,1.05
2024-06-13 09:21:00,50372.00,50395.00,50370.40,50377.00,1530.00,True,32.88,31.9,0.98
2024-06-13 09:22:00,50377.00,50397.40,50378.55,50382.00,585.00,True,33.03,32.13,0.91
2024-06-13 09:22:00,50382.00,50397.40,50378.55,50387.00,585.00,True,33.18,32.34,0.84
2024-06-13 09:24:00,50382.00,50380.60,50358.10,50377.00,667.50,False,32.11,32.29,-0.18
2024-06-13 09:24:00,50377.00,50380.60,50358.10,50372.00,667.50,False,30.52,31.94,-1.42
2024-06-13 09:24:00,50372.00,50380.60,50358.10,50367.00,667.50,False,28.52,31.25,-2.73
2024-06-13 09:24:00,50367.00,50380.60,50358.10,50362.00,667.50,False,26.23,30.25,-4.02
2024-06-13 09:25:00,50367.00,50399.90,50354.05,50372.00,442.50,True,24.94,29.19,-4.25
2024-06-13 09:25:00,50372.00,50399.90,50354.05,50377.00,442.50,True,24.04,28.16,-4.12
2024-06-13 09:25:00,50377.00,50399.90,50354.05,50382.00,442.50,True,23.46,27.22,-3.76
2024-06-13 09:25:00,50382.00,50399.90,50354.05,50387.00,442.50,True,23.13,26.4,-3.27
2024-06-13 09:26:00,50387.00,50415.00,50388.75,50392.00,582.00,True,23.02,25.72,-2.71
2024-06-13 09:26:00,50392.00,50415.00,50388.75,50397.00,582.00,True,23.06,25.19,-2.13
2024-06-13 09:26:00,50397.00,50415.00,50388.75,50402.00,582.00,True,23.23,24.8,-1.57
2024-06-13 09:26:00,50402.00,50415.00,50388.75,50407.00,582.00,True,23.5,24.54,-1.04
2024-06-13 09:26:00,50407.00,50415.00,50388.75,50412.00,582.00,True,23.84,24.4,-0.56
2024-06-13 09:27:00,50407.00,50403.90,50381.25,50402.00,48.00,False,23.04,24.13,-1.09
2024-06-13 09:27:00,50402.00,50403.90,50381.25,50397.00,48.00,False,21.75,23.65,-1.9
2024-06-13 09:27:00,50397.00,50403.90,50381.25,50392.00,48.00,False,20.09,22.94,-2.85
2024-06-13 09:27:00,50392.00,50403.90,50381.25,50387.00,48.00,False,18.16,21.98,-3.82
2024-06-13 09:27:00,50387.00,50403.90,50381.25,50382.00,48.00,False,16.05,20.8,-4.75
2024-06-13 09:28:00,50382.00,50398.75,50341.05,50377.00,125.00,False,13.81,19.4,-5.59
2024-06-13 09:28:00,50377.00,50398.75,50341.05,50372.00,125.00,False,11.5,17.82,-6.32
2024-06-13 09:28:00,50372.00,50398.75,50341.05,50367.00,125.00,False,9.16,16.09,-6.93
2024-06-13 09:28:00,50367.00,50398.75,50341.05,50362.00,125.00,False,6.82,14.23,-7.41
2024-06-13 09:28:00,50362.00,50398.75,50341.05,50357.00,125.00,False,4.52,12.29,-7.78
2024-06-13 09:28:00,50357.00,50398.75,50341.05,50352.00,125.00,False,2.26,10.28,-8.03
2024-06-13 09:29:00,50352.00,50359.90,50340.00,50347.00,442.50,False,0.06,8.24,-8.18
2024-06-13 09:29:00,50347.00,50359.90,50340.00,50342.00,442.50,False,-2.05,6.18,-8.24
2024-06-13 09:30:00,50342.00,50367.00,50325.00,50337.00,427.50,False,-4.09,4.13,-8.22
2024-06-13 09:30:00,50337.00,50367.00,50325.00,50332.00,427.50,False,-6.04,2.09,-8.13
2024-06-13 09:32:00,50337.00,50370.00,50307.30,50342.00,367.50,True,-6.69,0.34,-7.03
2024-06-13 09:32:00,50342.00,50370.00,50307.30,50347.00,367.50,True,-6.74,-1.08,-5.66
2024-06-13 09:32:00,50347.00,50370.00,50307.30,50352.00,367.50,True,-6.29,-2.12,-4.17
2024-06-13 09:32:00,50352.00,50370.00,50307.30,50357.00,367.50,True,-5.47,-2.79,-2.68
2024-06-13 09:33:00,50352.00,50370.55,50336.10,50347.00,40.00,False,-5.57,-3.35,-2.22
2024-06-13 09:33:00,50347.00,50370.55,50336.10,50342.00,40.00,False,-5.98,-3.87,-2.1
2024-06-13 09:33:00,50342.00,50370.55,50336.10,50337.00,40.00,False,-6.63,-4.42,-2.21
2024-06-13 09:34:00,50342.00,50360.00,50327.25,50347.00,45.00,True,-6.27,-4.79,-1.47
2024-06-13 09:34:00,50347.00,50360.00,50327.25,50352.00,45.00,True,-5.51,-4.94,-0.58
2024-06-13 09:34:00,50352.00,50360.00,50327.25,50357.00,45.00,True,-4.46,-4.84,0.38
2024-06-13 09:35:00,50352.00,50347.05,50312.10,50347.00,68.57,False,-4.38,-4.75,0.37
2024-06-13 09:35:00,50347.00,50347.05,50312.10,50342.00,68.57,False,-4.67,-4.73,0.06
2024-06-13 09:35:00,50342.00,50347.05,50312.10,50337.00,68.57,False,-5.24,-4.83,-0.41
2024-06-13 09:35:00,50337.00,50347.05,50312.10,50332.00,68.57,False,-6.03,-5.07,-0.95
2024-06-13 09:35:00,50332.00,50347.05,50312.10,50327.00,68.57,False,-6.97,-5.45,-1.52
2024-06-13 09:35:00,50327.00,50347.05,50312.10,50322.00,68.57,False,-8.03,-5.97,-2.07
2024-06-13 09:35:00,50322.00,50347.05,50312.10,50317.00,68.57,False,-9.17,-6.61,-2.56
2024-06-13 09:36:00,50317.00,50321.80,50294.40,50312.00,288.75,False,-10.36,-7.36,-3.0
2024-06-13 09:36:00,50312.00,50321.80,50294.40,50307.00,288.75,False,-11.57,-8.2,-3.37
2024-06-13 09:36:00,50307.00,50321.80,50294.40,50302.00,288.75,False,-12.78,-9.12,-3.67
2024-06-13 09:36:00,50302.00,50321.80,50294.40,50297.00,288.75,False,-13.99,-10.09,-3.9
2024-06-13 09:38:00,50297.00,50320.00,50285.00,50292.00,1065.00,False,-15.17,-11.11,-4.06
2024-06-13 09:38:00,50292.00,50320.00,50285.00,50287.00,1065.00,False,-16.33,-12.15,-4.17
2024-06-13 09:39:00,50287.00,50315.40,50271.25,50282.00,445.00,False,-17.44,-13.21,-4.23
2024-06-13 09:39:00,50282.00,50315.40,50271.25,50277.00,445.00,False,-18.52,-14.27,-4.25
2024-06-13 09:39:00,50277.00,50315.40,50271.25,50272.00,445.00,False,-19.55,-15.33,-4.22
2024-06-13 09:40:00,50277.00,50295.00,50271.70,50282.00,105.00,True,-19.33,-16.13,-3.21
2024-06-13 09:40:00,50282.00,50295.00,50271.70,50287.00,105.00,True,-18.55,-16.61,-1.94
2024-06-13 09:40:00,50287.00,50295.00,50271.70,50292.00,105.00,True,-17.32,-16.75,-0.57
2024-06-13 09:41:00,50287.00,50288.00,50248.20,50282.00,222.86,False,-16.96,-16.8,-0.17
2024-06-13 09:41:00,50282.00,50288.00,50248.20,50277.00,222.86,False,-16.88,-16.81,-0.07
2024-06-13 09:41:00,50277.00,50288.00,50248.20,50272.00,222.86,False,-17.03,-16.86,-0.17
2024-06-13 09:41:00,50272.00,50288.00,50248.20,50267.00,222.86,False,-17.35,-16.96,-0.39
2024-06-13 09:41:00,50267.00,50288.00,50248.20,50262.00,222.86,False,-17.8,-17.12,-0.68
2024-06-13 09:41:00,50262.00,50288.00,50248.20,50257.00,222.86,False,-18.35,-17.37,-0.98
2024-06-13 09:41:00,50257.00,50288.00,50248.20,50252.00,222.86,False,-18.97,-17.69,-1.28
2024-06-13 09:42:00,50257.00,50296.95,50242.30,50262.00,192.86,True,-18.44,-17.84,-0.6
2024-06-13 09:42:00,50262.00,50296.95,50242.30,50267.00,192.86,True,-17.42,-17.76,0.34
2024-06-13 09:42:00,50267.00,50296.95,50242.30,50272.00,192.86,True,-16.02,-17.41,1.39
2024-06-13 09:42:00,50272.00,50296.95,50242.30,50277.00,192.86,True,-14.34,-16.8,2.45
2024-06-13 09:42:00,50277.00,50296.95,50242.30,50282.00,192.86,True,-12.47,-15.93,3.46
2024-06-13 09:42:00,50282.00,50296.95,50242.30,50287.00,192.86,True,-10.46,-14.84,4.38
2024-06-13 09:42:00,50287.00,50296.95,50242.30,50292.00,192.86,True,-8.36,-13.54,5.18
2024-06-13 09:43:00,50287.00,50295.75,50256.25,50282.00,55.00,False,-7.43,-12.32,4.89
2024-06-13 09:43:00,50282.00,50295.75,50256.25,50277.00,55.00,False,-7.0,-11.26,4.25
2024-06-13 09:43:00,50277.00,50295.75,50256.25,50272.00,55.00,False,-6.99,-10.4,3.41
2024-06-13 09:43:00,50272.00,50295.75,50256.25,50267.00,55.00,False,-7.31,-9.78,2.48
2024-06-13 09:43:00,50267.00,50295.75,50256.25,50262.00,55.00,False,-7.86,-9.4,1.54
2024-06-13 09:43:00,50262.00,50295.75,50256.25,50257.00,55.00,False,-8.61,-9.24,0.63
2024-06-13 09:44:00,50257.00,50266.80,50233.30,50252.00,540.00,False,-9.5,-9.29,-0.2
2024-06-13 09:47:00,50252.00,50276.40,50205.55,50247.00,310.71,False,-10.48,-9.53,-0.95
2024-06-13 09:47:00,50247.00,50276.40,50205.55,50242.00,310.71,False,-11.53,-9.93,-1.6
2024-06-13 09:47:00,50242.00,50276.40,50205.55,50237.00,310.71,False,-12.63,-10.47,-2.15
2024-06-13 09:47:00,50237.00,50276.40,50205.55,50232.00,310.71,False,-13.73,-11.12,-2.61
2024-06-13 09:47:00,50232.00,50276.40,50205.55,50227.00,310.71,False,-14.85,-11.87,-2.98
2024-06-13 09:47:00,50227.00,50276.40,50205.55,50222.00,310.71,False,-15.95,-12.68,-3.26
2024-06-13 09:47:00,50222.00,50276.40,50205.55,50217.00,310.71,False,-17.03,-13.55,-3.47
2024-06-13 09:48:00,50217.00,50224.90,50200.05,50212.00,510.00,False,-18.08,-14.46,-3.62
2024-06-13 09:49:00,50217.00,50235.25,50204.65,50222.00,270.00,True,-17.9,-15.15,-2.75
2024-06-13 09:49:00,50222.00,50235.25,50204.65,50227.00,270.00,True,-17.15,-15.55,-1.61
2024-06-13 09:49:00,50227.00,50235.25,50204.65,50232.00,270.00,True,-15.98,-15.63,-0.34
2024-06-13 09:51:00,50227.00,50256.20,50210.00,50222.00,555.00,False,-15.67,-15.64,-0.03
2024-06-13 09:51:00,50222.00,50256.20,50210.00,50217.00,555.00,False,-15.65,-15.64,-0.01
2024-06-13 09:52:00,50222.00,50269.15,50230.00,50227.00,141.43,True,-14.66,-15.44,0.79
2024-06-13 09:52:00,50227.00,50269.15,50230.00,50232.00,141.43,True,-13.31,-15.02,1.7
2024-06-13 09:52:00,50232.00,50269.15,50230.00,50237.00,141.43,True,-11.71,-14.36,2.65
2024-06-13 09:52:00,50237.00,50269.15,50230.00,50242.00,141.43,True,-9.92,-13.47,3.55
2024-06-13 09:52:00,50242.00,50269.15,50230.00,50247.00,141.43,True,-8.01,-12.38,4.37
2024-06-13 09:52:00,50247.00,50269.15,50230.00,50252.00,141.43,True,-6.02,-11.11,5.09
2024-06-13 09:52:00,50252.00,50269.15,50230.00,50257.00,141.43,True,-4.0,-9.68,5.69
2024-06-13 09:53:00,50252.00,50261.55,50240.00,50247.00,277.50,False,-3.16,-8.38,5.22
2024-06-13 09:53:00,50247.00,50261.55,50240.00,50242.00,277.50,False,-2.87,-7.28,4.41
2024-06-13 09:56:00,50247.00,50295.00,50229.60,50252.00,189.00,True,-1.81,-6.18,4.37
2024-06-13 09:56:00,50252.00,50295.00,50229.60,50257.00,189.00,True,-0.56,-5.06,4.5
2024-06-13 09:56:00,50257.00,50295.00,50229.60,50262.00,189.00,True,0.82,-3.88,4.71
2024-06-13 09:56:00,50262.00,50295.00,50229.60,50267.00,189.00,True,2.3,-2.65,4.94
2024-06-13 09:56:00,50267.00,50295.00,50229.60,50272.00,189.00,True,3.82,-1.35,5.18
2024-06-13 09:57:00,50272.00,50314.15,50272.05,50277.00,180.00,True,5.37,-0.01,5.38
2024-06-13 09:57:00,50277.00,50314.15,50272.05,50282.00,180.00,True,6.93,1.38,5.55
2024-06-13 09:57:00,50282.00,50314.15,50272.05,50287.00,180.00,True,8.47,2.8,5.67
2024-06-13 09:58:00,50287.00,50307.90,50286.20,50292.00,270.00,True,9.97,4.23,5.74
2024-06-13 09:58:00,50292.00,50307.90,50286.20,50297.00,270.00,True,11.44,5.67,5.76
2024-06-13 09:58:00,50297.00,50307.90,50286.20,50302.00,270.00,True,12.85,7.11,5.75
2024-06-13 09:58:00,50302.00,50307.90,50286.20,50307.00,270.00,True,14.22,8.53,5.69
2024-06-13 10:01:00,50307.00,50346.35,50297.20,50312.00,408.00,True,15.52,9.93,5.59
2024-06-13 10:01:00,50312.00,50346.35,50297.20,50317.00,408.00,True,16.76,11.3,5.47
2024-06-13 10:01:00,50317.00,50346.35,50297.20,50322.00,408.00,True,17.95,12.63,5.32
2024-06-13 10:01:00,50322.00,50346.35,50297.20,50327.00,408.00,True,19.07,13.91,5.15
2024-06-13 10:01:00,50327.00,50346.35,50297.20,50332.00,408.00,True,20.13,15.16,4.97
2024-06-13 10:02:00,50327.00,50328.30,50300.00,50322.00,63.00,False,19.93,16.11,3.82
2024-06-13 10:02:00,50322.00,50328.30,50300.00,50317.00,63.00,False,19.15,16.72,2.43
2024-06-13 10:02:00,50317.00,50328.30,50300.00,50312.00,63.00,False,17.92,16.96,0.96
2024-06-13 10:02:00,50312.00,50328.30,50300.00,50307.00,63.00,False,16.36,16.84,-0.48
2024-06-13 10:02:00,50307.00,50328.30,50300.00,50302.00,63.00,False,14.54,16.38,-1.84
2024-06-13 10:04:00,50307.00,50330.00,50286.40,50312.00,130.00,True,13.76,15.86,-2.1
2024-06-13 10:04:00,50312.00,50330.00,50286.40,50317.00,130.00,True,13.38,15.36,-1.98
2024-06-13 10:04:00,50317.00,50330.00,50286.40,50322.00,130.00,True,13.33,14.96,-1.62
2024-06-13 10:05:00,50317.00,50325.00,50307.60,50312.00,60.00,False,12.35,14.43,-2.09
2024-06-13 10:06:00,50312.00,50309.00,50305.00,50307.00,75.00,False,11.03,13.75,-2.72
2024-06-13 10:07:00,50307.00,50300.00,50275.00,50302.00,60.00,False,9.48,12.9,-3.42
2024-06-13 10:07:00,50302.00,50300.00,50275.00,50297.00,60.00,False,7.76,11.87,-4.11
2024-06-13 10:07:00,50297.00,50300.00,50275.00,50292.00,60.00,False,5.92,10.68,-4.76
2024-06-13 10:07:00,50292.00,50300.00,50275.00,50287.00,60.00,False,4.01,9.35,-5.33
2024-06-13 10:07:00,50287.00,50300.00,50275.00,50282.00,60.00,False,2.08,7.89,-5.82
2024-06-13 10:07:00,50282.00,50300.00,50275.00,50277.00,60.00,False,0.14,6.34,-6.21
2024-06-13 10:09:00,50282.00,50319.80,50274.15,50287.00,130.71,True,-0.59,4.96,-5.54
2024-06-13 10:09:00,50287.00,50319.80,50274.15,50292.00,130.71,True,-0.75,3.81,-4.57
2024-06-13 10:09:00,50292.00,50319.80,50274.15,50297.00,130.71,True,-0.47,2.96,-3.43
2024-06-13 10:09:00,50297.00,50319.80,50274.15,50302.00,130.71,True,0.15,2.4,-2.24
2024-06-13 10:09:00,50302.00,50319.80,50274.15,50307.00,130.71,True,1.04,2.12,-1.09
2024-06-13 10:09:00,50307.00,50319.80,50274.15,50312.00,130.71,True,2.12,2.12,-0.0
2024-06-13 10:09:00,50312.00,50319.80,50274.15,50317.00,130.71,True,3.34,2.37,0.97
2024-06-13 10:10:00,50312.00,50307.65,50294.25,50307.00,25.00,False,3.46,2.59,0.88
2024-06-13 10:10:00,50307.00,50307.65,50294.25,50302.00,25.00,False,3.12,2.69,0.43
2024-06-13 10:10:00,50302.00,50307.65,50294.25,50297.00,25.00,False,2.42,2.64,-0.22
2024-06-13 10:12:00,50297.00,50300.00,50273.90,50292.00,240.00,False,1.44,2.4,-0.96
2024-06-13 10:12:00,50292.00,50300.00,50273.90,50287.00,240.00,False,0.26,1.97,-1.71
2024-06-13 10:15:00,50287.00,50295.55,50277.90,50282.00,450.00,False,-1.07,1.36,-2.43
2024-06-13 10:16:00,50282.00,50277.90,50269.90,50277.00,67.50,False,-2.5,0.59,-3.09
2024-06-13 10:16:00,50277.00,50277.90,50269.90,50272.00,67.50,False,-3.98,-0.32,-3.66
2024-06-13 10:17:00,50277.00,50285.00,50270.55,50282.00,60.00,True,-4.31,-1.12,-3.19
2024-06-13 10:18:00,50277.00,50298.00,50252.20,50272.00,157.50,False,-5.31,-1.96,-3.35
2024-06-13 10:18:00,50272.00,50298.00,50252.20,50267.00,157.50,False,-6.43,-2.85,-3.58
2024-06-13 10:21:00,50272.00,50293.95,50251.00,50277.00,142.50,True,-6.44,-3.57,-2.87
2024-06-13 10:21:00,50277.00,50293.95,50251.00,50282.00,142.50,True,-5.97,-4.05,-1.92
2024-06-13 10:21:00,50282.00,50293.95,50251.00,50287.00,142.50,True,-5.14,-4.27,-0.87
2024-06-13 10:21:00,50287.00,50293.95,50251.00,50292.00,142.50,True,-4.03,-4.22,0.19
2024-06-13 10:22:00,50287.00,50286.20,50264.75,50282.00,30.00,False,-3.92,-4.16,0.24
2024-06-13 10:22:00,50282.00,50286.20,50264.75,50277.00,30.00,False,-4.18,-4.16,-0.01
2024-06-13 10:22:00,50277.00,50286.20,50264.75,50272.00,30.00,False,-4.74,-4.28,-0.46
2024-06-13 10:22:00,50272.00,50286.20,50264.75,50267.00,30.00,False,-5.52,-4.53,-0.99
2024-06-13 10:23:00,50267.00,50268.75,50250.20,50262.00,60.00,False,-6.47,-4.91,-1.55
2024-06-13 10:23:00,50262.00,50268.75,50250.20,50257.00,60.00,False,-7.53,-5.44,-2.1
2024-06-13 10:24:00,50262.00,50273.90,50258.00,50267.00,105.00,True,-7.49,-5.85,-1.64
2024-06-13 10:25:00,50267.00,50279.95,50270.90,50272.00,165.00,True,-6.97,-6.07,-0.89
2024-06-13 10:26:00,50267.00,50257.00,50250.00,50262.00,75.00,False,-7.28,-6.31,-0.96
2024-06-13 10:26:00,50262.00,50257.00,50250.00,50257.00,75.00,False,-7.83,-6.62,-1.22
2024-06-13 10:27:00,50257.00,50250.00,50236.85,50252.00,65.00,False,-8.58,-7.01,-1.57
2024-06-13 10:27:00,50252.00,50250.00,50236.85,50247.00,65.00,False,-9.47,-7.5,-1.97
2024-06-13 10:27:00,50247.00,50250.00,50236.85,50242.00,65.00,False,-10.45,-8.09,-2.36
2024-06-13 10:28:00,50242.00,50231.00,50206.55,50237.00,341.25,False,-11.51,-8.78,-2.73
2024-06-13 10:28:00,50237.00,50231.00,50206.55,50232.00,341.25,False,-12.6,-9.54,-3.06
2024-06-13 10:28:00,50232.00,50231.00,50206.55,50227.00,341.25,False,-13.71,-10.37,-3.34
2024-06-13 10:28:00,50227.00,50231.00,50206.55,50222.00,341.25,False,-14.82,-11.26,-3.56
2024-06-13 10:29:00,50222.00,50217.65,50158.90,50217.00,280.50,False,-15.92,-12.2,-3.73
2024-06-13 10:29:00,50217.00,50217.65,50158.90,50212.00,280.50,False,-17.0,-13.16,-3.85
2024-06-13 10:29:00,50212.00,50217.65,50158.90,50207.00,280.50,False,-18.06,-14.14,-3.92
2024-06-13 10:29:00,50207.00,50217.65,50158.90,50202.00,280.50,False,-19.07,-15.12,-3.95
2024-06-13 10:29:00,50202.00,50217.65,50158.90,50197.00,280.50,False,-20.05,-16.11,-3.94
2024-06-13 10:29:00,50197.00,50217.65,50158.90,50192.00,280.50,False,-20.99,-17.09,-3.9
2024-06-13 10:29:00,50192.00,50217.65,50158.90,50187.00,280.50,False,-21.88,-18.05,-3.84
2024-06-13 10:29:00,50187.00,50217.65,50158.90,50182.00,280.50,False,-22.73,-18.98,-3.75
2024-06-13 10:29:00,50182.00,50217.65,50158.90,50177.00,280.50,False,-23.54,-19.89,-3.64
2024-06-13 10:29:00,50177.00,50217.65,50158.90,50172.00,280.50,False,-24.3,-20.77,-3.52
2024-06-13 10:30:00,50177.00,50203.35,50165.25,50182.00,90.00,True,-23.82,-21.38,-2.44
2024-06-13 10:30:00,50182.00,50203.35,50165.25,50187.00,90.00,True,-22.78,-21.66,-1.11
2024-06-13 10:30:00,50187.00,50203.35,50165.25,50192.00,90.00,True,-21.3,-21.59,0.29
2024-06-13 10:30:00,50192.00,50203.35,50165.25,50197.00,90.00,True,-19.5,-21.17,1.67
2024-06-13 10:30:00,50197.00,50203.35,50165.25,50202.00,90.00,True,-17.47,-20.43,2.96
2024-06-13 10:32:00,50197.00,50210.80,50176.35,50192.00,251.25,False,-16.48,-19.64,3.16
2024-06-13 10:32:00,50192.00,50210.80,50176.35,50187.00,251.25,False,-15.91,-18.9,2.98
2024-06-13 10:32:00,50187.00,50210.80,50176.35,50182.00,251.25,False,-15.69,-18.25,2.57
2024-06-13 10:32:00,50182.00,50210.80,50176.35,50177.00,251.25,False,-15.73,-17.75,2.02
2024-06-13 10:33:00,50182.00,50226.00,50200.30,50187.00,46.88,True,-14.79,-17.16,2.37
2024-06-13 10:33:00,50187.00,50226.00,50200.30,50192.00,46.88,True,-13.48,-16.42,2.94
2024-06-13 10:33:00,50192.00,50226.00,50200.30,50197.00,46.88,True,-11.9,-15.52,3.61
2024-06-13 10:33:00,50197.00,50226.00,50200.30,50202.00,46.88,True,-10.13,-14.44,4.31
2024-06-13 10:33:00,50202.00,50226.00,50200.30,50207.00,46.88,True,-8.23,-13.2,4.97
2024-06-13 10:33:00,50207.00,50226.00,50200.30,50212.00,46.88,True,-6.25,-11.81,5.56
2024-06-13 10:33:00,50212.00,50226.00,50200.30,50217.00,46.88,True,-4.23,-10.29,6.06
2024-06-13 10:33:00,50217.00,50226.00,50200.30,50222.00,46.88,True,-2.2,-8.67,6.48
2024-06-13 10:34:00,50217.00,50218.50,50200.15,50212.00,25.00,False,-1.38,-7.22,5.84
2024-06-13 10:34:00,50212.00,50218.50,50200.15,50207.00,25.00,False,-1.12,-6.0,4.88
2024-06-13 10:34:00,50207.00,50218.50,50200.15,50202.00,25.00,False,-1.3,-5.06,3.75
2024-06-13 10:35:00,50207.00,50220.00,50212.50,50212.00,67.50,True,-0.63,-4.17,3.54
2024-06-13 10:35:00,50212.00,50220.00,50212.50,50217.00,67.50,True,0.3,-3.28,3.58
2024-06-13 10:39:00,50212.00,50220.00,50191.05,50207.00,1920.00,False,0.22,-2.58,2.8
2024-06-13 10:40:00,50212.00,50222.00,50205.10,50217.00,180.00,True,0.96,-1.87,2.83
2024-06-13 10:40:00,50217.00,50222.00,50205.10,50222.00,180.00,True,1.93,-1.11,3.04
2024-06-13 10:41:00,50222.00,50231.05,50225.00,50227.00,210.00,True,3.06,-0.28,3.34
2024-06-13 10:42:00,50222.00,50233.00,50208.50,50217.00,97.50,False,3.12,0.4,2.72
2024-06-13 10:42:00,50217.00,50233.00,50208.50,50212.00,97.50,False,2.73,0.87,1.86
2024-06-13 10:43:00,50217.00,50225.00,50225.00,50222.00,30.00,True,3.19,1.33,1.86
2024-06-13 10:45:00,50222.00,50230.00,50210.00,50227.00,210.00,True,3.91,1.85,2.06
2024-06-13 10:46:00,50227.00,50235.40,50225.40,50232.00,45.00,True,4.83,2.45,2.39
2024-06-13 10:47:00,50227.00,50220.95,50215.65,50222.00,472.50,False,4.7,2.9,1.81
2024-06-13 10:47:00,50222.00,50220.95,50215.65,50217.00,472.50,False,4.15,3.15,1.0
2024-06-13 10:49:00,50217.00,50222.00,50203.90,50212.00,195.00,False,3.27,3.17,0.1
2024-06-13 10:51:00,50212.00,50214.55,50199.95,50207.00,202.50,False,2.14,2.96,-0.82
2024-06-13 10:51:00,50207.00,50214.55,50199.95,50202.00,202.50,False,0.83,2.54,-1.7
2024-06-13 10:52:00,50202.00,50199.95,50180.80,50197.00,41.25,False,-0.6,1.91,-2.51
2024-06-13 10:52:00,50197.00,50199.95,50180.80,50192.00,41.25,False,-2.11,1.11,-3.22
2024-06-13 10:52:00,50192.00,50199.95,50180.80,50187.00,41.25,False,-3.67,0.15,-3.82
2024-06-13 10:52:00,50187.00,50199.95,50180.80,50182.00,41.25,False,-5.25,-0.93,-4.32
2024-06-13 10:54:00,50187.00,50211.25,50175.00,50192.00,213.75,True,-5.63,-1.87,-3.76
2024-06-13 10:54:00,50192.00,50211.25,50175.00,50197.00,213.75,True,-5.47,-2.59,-2.88
2024-06-13 10:54:00,50197.00,50211.25,50175.00,50202.00,213.75,True,-4.88,-3.05,-1.83
2024-06-13 10:54:00,50202.00,50211.25,50175.00,50207.00,213.75,True,-3.96,-3.23,-0.73
2024-06-13 10:56:00,50207.00,50225.00,50206.80,50212.00,85.00,True,-2.8,-3.14,0.35
2024-06-13 10:56:00,50212.00,50225.00,50206.80,50217.00,85.00,True,-1.45,-2.81,1.35
2024-06-13 10:56:00,50217.00,50225.00,50206.80,50222.00,85.00,True,0.01,-2.24,2.25
2024-06-13 10:57:00,50217.00,50212.00,50201.30,50212.00,870.00,False,0.36,-1.72,2.08
2024-06-13 10:58:00,50212.00,50213.40,50200.00,50207.00,285.00,False,0.24,-1.33,1.56
2024-06-13 10:59:00,50207.00,50198.70,50182.70,50202.00,26.25,False,-0.27,-1.12,0.85
2024-06-13 10:59:00,50202.00,50198.70,50182.70,50197.00,26.25,False,-1.06,-1.1,0.05
2024-06-13 10:59:00,50197.00,50198.70,50182.70,50192.00,26.25,False,-2.06,-1.3,-0.76
2024-06-13 10:59:00,50192.00,50198.70,50182.70,50187.00,26.25,False,-3.22,-1.68,-1.54
2024-06-13 11:00:00,50187.00,50182.70,50178.00,50182.00,105.00,False,-4.5,-2.24,-2.25
2024-06-13 11:03:00,50187.00,50204.45,50180.00,50192.00,130.00,True,-4.64,-2.72,-1.92
2024-06-13 11:03:00,50192.00,50204.45,50180.00,50197.00,130.00,True,-4.31,-3.04,-1.27
2024-06-13 11:03:00,50197.00,50204.45,50180.00,50202.00,130.00,True,-3.6,-3.15,-0.45
2024-06-13 11:04:00,50202.00,50223.05,50209.35,50207.00,33.75,True,-2.6,-3.04,0.44
2024-06-13 11:04:00,50207.00,50223.05,50209.35,50212.00,33.75,True,-1.39,-2.71,1.32
2024-06-13 11:04:00,50212.00,50223.05,50209.35,50217.00,33.75,True,-0.03,-2.18,2.15
2024-06-13 11:04:00,50217.00,50223.05,50209.35,50222.00,33.75,True,1.44,-1.45,2.89
2024-06-13 11:06:00,50222.00,50250.00,50215.15,50227.00,237.00,True,2.97,-0.57,3.54
2024-06-13 11:06:00,50227.00,50250.00,50215.15,50232.00,237.00,True,4.53,0.45,4.08
2024-06-13 11:06:00,50232.00,50250.00,50215.15,50237.00,237.00,True,6.11,1.58,4.52
2024-06-13 11:06:00,50237.00,50250.00,50215.15,50242.00,237.00,True,7.67,2.8,4.87
2024-06-13 11:06:00,50242.00,50250.00,50215.15,50247.00,237.00,True,9.2,4.08,5.12
2024-06-13 11:07:00,50247.00,50289.95,50255.00,50252.00,371.25,True,10.7,5.4,5.3
2024-06-13 11:07:00,50252.00,50289.95,50255.00,50257.00,371.25,True,12.15,6.75,5.4
2024-06-13 11:07:00,50257.00,50289.95,50255.00,50262.00,371.25,True,13.55,8.11,5.43
2024-06-13 11:07:00,50262.00,50289.95,50255.00,50267.00,371.25,True,14.88,9.47,5.42
2024-06-13 11:08:00,50267.00,50286.65,50274.00,50272.00,60.00,True,16.16,10.81,5.36
2024-06-13 11:09:00,50272.00,50280.00,50270.00,50277.00,60.00,True,17.38,12.12,5.26
2024-06-13 11:10:00,50272.00,50260.00,50241.80,50267.00,17.50,False,17.33,13.16,4.17
2024-06-13 11:10:00,50267.00,50260.00,50241.80,50262.00,17.50,False,16.7,13.87,2.83
2024-06-13 11:10:00,50262.00,50260.00,50241.80,50257.00,17.50,False,15.62,14.22,1.4
2024-06-13 11:10:00,50257.00,50260.00,50241.80,50252.00,17.50,False,14.2,14.22,-0.02
2024-06-13 11:10:00,50252.00,50260.00,50241.80,50247.00,17.50,False,12.52,13.88,-1.36
2024-06-13 11:10:00,50247.00,50260.00,50241.80,50242.00,17.50,False,10.66,13.23,-2.57
2024-06-13 11:12:00,50242.00,50249.85,50229.00,50237.00,52.50,False,8.69,12.32,-3.64
2024-06-13 11:12:00,50237.00,50249.85,50229.00,50232.00,52.50,False,6.64,11.19,-4.54
2024-06-13 11:13:00,50232.00,50235.70,50220.00,50227.00,82.50,False,4.57,9.86,-5.3
2024-06-13 11:13:00,50227.00,50235.70,50220.00,50222.00,82.50,False,2.49,8.39,-5.9
2024-06-13 11:15:00,50222.00,50222.30,50208.45,50217.00,97.50,False,0.43,6.8,-6.36
2024-06-13 11:15:00,50217.00,50222.30,50208.45,50212.00,97.50,False,-1.58,5.12,-6.7
2024-06-13 11:17:00,50212.00,50233.95,50203.90,50207.00,180.00,False,-3.54,3.39,-6.93
2024-06-13 11:18:00,50212.00,50222.95,50222.95,50217.00,7.50,True,-4.24,1.87,-6.1
2024-06-13 11:18:00,50217.00,50222.95,50222.95,50222.00,7.50,True,-4.33,0.63,-4.96
2024-06-13 11:19:00,50217.00,50222.00,50210.70,50212.00,75.00,False,-5.16,-0.53,-4.63
2024-06-13 11:20:00,50212.00,50212.70,50190.00,50207.00,97.50,False,-6.15,-1.65,-4.49
2024-06-13 11:20:00,50207.00,50212.70,50190.00,50202.00,97.50,False,-7.25,-2.77,-4.48
2024-06-13 11:20:00,50202.00,50212.70,50190.00,50197.00,97.50,False,-8.43,-3.9,-4.52
2024-06-13 11:20:00,50197.00,50212.70,50190.00,50192.00,97.50,False,-9.66,-5.05,-4.6
2024-06-13 11:21:00,50192.00,50200.50,50160.05,50187.00,135.00,False,-10.91,-6.22,-4.68
2024-06-13 11:21:00,50187.00,50200.50,50160.05,50182.00,135.00,False,-12.16,-7.41,-4.75
2024-06-13 11:21:00,50182.00,50200.50,50160.05,50177.00,135.00,False,-13.4,-8.61,-4.79
2024-06-13 11:21:00,50177.00,50200.50,50160.05,50172.00,135.00,False,-14.62,-9.81,-4.81
2024-06-13 11:21:00,50172.00,50200.50,50160.05,50167.00,135.00,False,-15.81,-11.01,-4.8
2024-06-13 11:21:00,50167.00,50200.50,50160.05,50162.00,135.00,False,-16.96,-12.2,-4.76
2024-06-13 11:24:00,50167.00,50186.70,50152.00,50172.00,975.00,True,-16.87,-13.13,-3.73
2024-06-13 11:25:00,50172.00,50192.65,50169.45,50177.00,48.75,True,-16.21,-13.75,-2.46
2024-06-13 11:25:00,50177.00,50192.65,50169.45,50182.00,48.75,True,-15.1,-14.02,-1.08
2024-06-13 11:25:00,50182.00,50192.65,50169.45,50187.00,48.75,True,-13.67,-13.95,0.28
2024-06-13 11:25:00,50187.00,50192.65,50169.45,50192.00,48.75,True,-11.99,-13.56,1.57
2024-06-13 11:27:00,50192.00,50206.10,50190.00,50197.00,135.00,True,-10.14,-12.88,2.73
2024-06-13 11:27:00,50197.00,50206.10,50190.00,50202.00,135.00,True,-8.18,-11.94,3.76
2024-06-13 11:28:00,50202.00,50220.00,50205.70,50207.00,90.00,True,-6.15,-10.78,4.63
2024-06-13 11:28:00,50207.00,50220.00,50205.70,50212.00,90.00,True,-4.09,-9.44,5.35
2024-06-13 11:28:00,50212.00,50220.00,50205.70,50217.00,90.00,True,-2.03,-7.96,5.93
2024-06-13 11:29:00,50217.00,50229.00,50213.10,50222.00,135.00,True,0.01,-6.36,6.37
2024-06-13 11:29:00,50222.00,50229.00,50213.10,50227.00,135.00,True,2.0,-4.69,6.69
2024-06-13 11:30:00,50227.00,50257.20,50220.05,50232.00,230.00,True,3.94,-2.96,6.9
2024-06-13 11:30:00,50232.00,50257.20,50220.05,50237.00,230.00,True,5.81,-1.21,7.02
2024-06-13 11:30:00,50237.00,50257.20,50220.05,50242.00,230.00,True,7.61,0.56,7.06
2024-06-13 11:31:00,50237.00,50252.85,50219.30,50232.00,285.00,False,8.14,2.07,6.07
2024-06-13 11:32:00,50232.00,50218.50,50218.35,50227.00,30.00,False,8.06,3.27,4.79
2024-06-13 11:32:00,50227.00,50218.50,50218.35,50222.00,30.00,False,7.5,4.12,3.39
2024-06-13 11:34:00,50222.00,50227.70,50212.30,50217.00,300.00,False,6.59,4.61,1.98
2024-06-13 11:35:00,50222.00,50240.35,50218.65,50227.00,180.00,True,6.59,5.01,1.58
2024-06-13 11:35:00,50227.00,50240.35,50218.65,50232.00,180.00,True,6.92,5.39,1.53
2024-06-13 11:35:00,50232.00,50240.35,50218.65,50237.00,180.00,True,7.49,5.81,1.68
2024-06-13 11:37:00,50237.00,50252.00,50240.00,50242.00,105.00,True,8.26,6.3,1.96
2024-06-13 11:37:00,50242.00,50252.00,50240.00,50247.00,105.00,True,9.16,6.87,2.29
2024-06-13 11:38:00,50247.00,50258.00,50249.50,50252.00,67.50,True,10.16,7.53,2.63
2024-06-13 11:38:00,50252.00,50258.00,50249.50,50257.00,67.50,True,11.23,8.27,2.96
2024-06-13 11:39:00,50252.00,50248.65,50240.00,50247.00,195.00,False,11.14,8.85,2.3
2024-06-13 11:41:00,50247.00,50252.20,50237.70,50242.00,330.00,False,10.55,9.19,1.36
2024-06-13 11:44:00,50242.00,50250.00,50224.05,50237.00,390.00,False,9.56,9.26,0.3
2024-06-13 11:44:00,50237.00,50250.00,50224.05,50232.00,390.00,False,8.28,9.07,-0.78
2024-06-13 11:44:00,50232.00,50250.00,50224.05,50227.00,390.00,False,6.79,8.61,-1.82
2024-06-13 11:46:00,50232.00,50253.45,50219.50,50237.00,37.50,True,6.34,8.16,-1.82
2024-06-13 11:46:00,50237.00,50253.45,50219.50,50242.00,37.50,True,6.31,7.79,-1.48
2024-06-13 11:46:00,50242.00,50253.45,50219.50,50247.00,37.50,True,6.61,7.55,-0.94
2024-06-13 11:46:00,50247.00,50253.45,50219.50,50252.00,37.50,True,7.18,7.48,-0.3
2024-06-13 11:47:00,50252.00,50265.00,50248.40,50257.00,270.00,True,7.93,7.57,0.37
2024-06-13 11:48:00,50257.00,50278.80,50259.50,50262.00,270.00,True,8.84,7.82,1.02
2024-06-13 11:48:00,50262.00,50278.80,50259.50,50267.00,270.00,True,9.84,8.23,1.62
2024-06-13 11:49:00,50267.00,50280.00,50278.00,50272.00,525.00,True,10.92,8.76,2.15
2024-06-13 11:49:00,50272.00,50280.00,50278.00,50277.00,525.00,True,12.03,9.42,2.61
2024-06-13 11:53:00,50277.00,50303.00,50264.10,50282.00,519.00,True,13.17,10.17,3.0
2024-06-13 11:53:00,50282.00,50303.00,50264.10,50287.00,519.00,True,14.31,11.0,3.31
2024-06-13 11:53:00,50287.00,50303.00,50264.10,50292.00,519.00,True,15.44,11.88,3.55
2024-06-13 11:53:00,50292.00,50303.00,50264.10,50297.00,519.00,True,16.54,12.82,3.73
2024-06-13 11:53:00,50297.00,50303.00,50264.10,50302.00,519.00,True,17.62,13.78,3.84
2024-06-13 11:54:00,50302.00,50330.00,50300.00,50307.00,325.00,True,18.66,14.75,3.91
2024-06-13 11:54:00,50307.00,50330.00,50300.00,50312.00,325.00,True,19.67,15.74,3.93
2024-06-13 11:54:00,50312.00,50330.00,50300.00,50317.00,325.00,True,20.63,16.71,3.91
2024-06-13 11:56:00,50312.00,50330.00,50300.70,50307.00,360.00,False,20.35,17.44,2.91
2024-06-13 11:57:00,50307.00,50302.00,50284.35,50302.00,78.75,False,19.5,17.85,1.64
2024-06-13 11:57:00,50302.00,50302.00,50284.35,50297.00,78.75,False,18.21,17.92,0.29
2024-06-13 11:57:00,50297.00,50302.00,50284.35,50292.00,78.75,False,16.59,17.66,-1.06
2024-06-13 11:57:00,50292.00,50302.00,50284.35,50287.00,78.75,False,14.74,17.07,-2.33
2024-06-13 12:00:00,50287.00,50300.00,50281.00,50282.00,300.00,False,12.72,16.2,-3.48
2024-06-13 12:04:00,50287.00,50293.45,50275.55,50292.00,270.00,True,11.79,15.32,-3.53
2024-06-13 12:08:00,50287.00,50293.45,50268.10,50282.00,55.00,False,10.13,14.28,-4.15
2024-06-13 12:08:00,50282.00,50293.45,50268.10,50277.00,55.00,False,8.32,13.09,-4.77
2024-06-13 12:08:00,50277.00,50293.45,50268.10,50272.00,55.00,False,6.4,11.75,-5.35
2024-06-13 12:09:00,50272.00,50267.65,50251.00,50267.00,26.25,False,4.43,10.29,-5.86
2024-06-13 12:09:00,50267.00,50267.65,50251.00,50262.00,26.25,False,2.43,8.72,-6.28
2024-06-13 12:09:00,50262.00,50267.65,50251.00,50257.00,26.25,False,0.45,7.06,-6.62
2024-06-13 12:09:00,50257.00,50267.65,50251.00,50252.00,26.25,False,-1.52,5.35,-6.86
2024-06-13 12:12:00,50252.00,50268.50,50245.00,50247.00,300.00,False,-3.44,3.59,-7.03
2024-06-13 12:13:00,50247.00,50245.00,50233.00,50242.00,172.50,False,-5.3,1.81,-7.11
2024-06-13 12:13:00,50242.00,50245.00,50233.00,50237.00,172.50,False,-7.1,0.03,-7.13
